class,x-axis,y-axis,width,height,name,image_width,image_height
ball,308,382,26,16,U5_3_9.png,680,720
bat,351,202,57,26,U5_3_9.png,680,720
ball,235,370,27,24,U4_7_27.png,680,720
bat,314,337,56,85,U4_7_27.png,680,720
ball,238,373,24,22,U4_7_27.png,680,720
bat,310,336,59,86,U4_7_27.png,680,720
ball,296,299,14,14,U18_0_11.png,680,720
bat,358,123,22,37,U18_0_11.png,680,720
bat,317,234,30,100,U16_6_19.png,680,720
ball,574,208,26,24,U16_6_19.png,680,720
bat,335,173,29,21,U11_11_11.png,680,720
ball,539,356,27,23,U6_1_17.png,680,720
bat,232,262,22,56,U6_1_17.png,680,720
ball,310,353,13,13,U11_13_16.png,680,720
bat,324,208,56,16,U11_13_16.png,680,720
ball,532,333,19,14,U8_1_14.png,680,720
bat,424,250,20,16,U8_1_14.png,680,720
ball,254,350,14,14,U11_9_25.png,680,720
bat,254,273,32,43,U11_9_25.png,680,720
bat,255,204,16,56,U12_15_15.png,680,720
ball,212,412,17,14,U12_15_15.png,680,720
ball,471,258,17,19,U2_12_31.png,680,720
bat,330,311,29,119,U2_12_31.png,680,720
ball,472,255,16,16,U2_12_31.png,680,720
bat,331,321,26,100,U2_12_31.png,680,720
ball,9,194,26,24,U12_1_22.png,680,720
bat,263,257,22,32,U12_1_22.png,680,720
ball,569,403,34,26,U4_0_31.png,680,720
bat,277,3,37,129,U4_0_31.png,680,720
ball,571,407,22,22,U4_0_31.png,680,720
bat,270,0,42,136,U4_0_31.png,680,720
bat,369,169,34,69,U15_0_12.png,680,720
ball,463,280,16,16,U11_14_9.png,680,720
bat,399,141,23,36,U11_14_9.png,680,720
bat,420,87,22,99,U13_1_16.png,680,720
ball,438,528,19,17,U13_1_16.png,680,720
bat,227,172,60,72,U16_0_7.png,680,720
ball,270,479,20,20,U16_0_7.png,680,720
ball,407,287,20,19,U13_4_15.png,680,720
bat,346,128,46,53,U13_4_15.png,680,720
ball,301,513,30,33,U1_24_17.png,680,720
bat,354,207,62,57,U1_24_17.png,680,720
ball,255,397,13,11,U5_6_24.png,680,720
bat,255,338,39,16,U5_6_24.png,680,720
bat,255,338,40,16,U14_1_24.png,680,720
ball,250,394,23,16,U14_1_24.png,680,720
bat,291,102,42,105,U13_5_9.png,680,720
ball,333,482,16,17,U13_5_9.png,680,720
ball,433,423,32,29,U4_0_21.png,680,720
ball,214,380,22,20,U8_8_18.png,680,720
ball,256,463,11,17,U8_6_12.png,680,720
bat,276,221,22,43,U8_6_12.png,680,720
ball,282,310,14,14,U1_22_17.png,680,720
bat,284,198,37,50,U1_22_17.png,680,720
bat,297,176,33,158,U11_4_39.png,680,720
ball,301,561,23,22,U11_4_39.png,680,720
ball,273,265,23,15,U2_17_17.png,680,720
bat,286,203,19,60,U2_17_17.png,680,720
ball,277,268,17,17,U2_17_17.png,680,720
bat,283,197,29,68,U2_17_17.png,680,720
ball,386,336,16,11,U1_20_9.png,680,720
bat,339,189,14,50,U1_20_9.png,680,720
ball,187,349,22,20,U8_3_11.png,680,720
bat,310,155,36,43,U8_3_11.png,680,720
ball,443,341,23,19,U2_6_27.png,680,720
bat,380,208,56,55,U2_6_27.png,680,720
ball,234,409,13,13,U14_1_21.png,680,720
bat,273,285,24,28,U14_1_21.png,680,720
ball,376,321,16,19,U4_3_10.png,680,720
bat,354,229,44,20,U4_3_10.png,680,720
ball,376,320,17,16,U4_3_10.png,680,720
bat,350,225,49,20,U4_3_10.png,680,720
ball,293,427,17,16,U9_2_10.png,680,720
bat,347,142,36,55,U9_2_10.png,680,720
ball,220,499,20,17,U6_17_15.png,680,720
bat,288,164,20,24,U6_17_15.png,680,720
ball,313,321,13,14,U9_2_13.png,680,720
bat,357,145,19,63,U9_2_13.png,680,720
bat,309,339,26,55,U16_1_21.png,680,720
ball,300,368,14,12,U16_1_21.png,680,720
bat,288,249,18,14,U14_1_13.png,680,720
ball,245,360,13,10,U14_1_13.png,680,720
ball,264,516,24,16,U2_18_11.png,680,720
bat,217,235,60,75,U2_18_11.png,680,720
ball,268,519,19,14,U2_18_11.png,680,720
bat,217,242,57,80,U2_18_11.png,680,720
ball,396,397,20,26,U4_22_16.png,680,720
bat,379,153,63,65,U4_22_16.png,680,720
ball,430,316,16,12,U1_21_14.png,680,720
bat,344,138,22,39,U1_21_14.png,680,720
ball,352,328,14,10,U2_1_18.png,680,720
bat,245,235,49,42,U2_1_18.png,680,720
ball,146,384,20,24,U4_9_24.png,680,720
bat,285,171,16,56,U4_9_24.png,680,720
ball,396,547,34,30,U2_2_14.png,1080,1144
bat,437,476,40,18,U2_2_14.png,1080,1144
ball,314,351,14,20,U2_13_13.png,680,720
bat,269,229,54,20,U2_13_13.png,680,720
ball,316,353,11,14,U2_13_13.png,680,720
bat,273,237,39,13,U2_13_13.png,680,720
ball,211,384,11,6,U2_13_10.png,680,720
bat,293,196,20,11,U2_13_10.png,680,720
ball,473,287,19,9,U2_6_9.png,680,720
bat,366,168,42,16,U2_6_9.png,680,720
ball,191,453,22,19,U11_2_6.png,680,720
bat,232,165,62,73,U11_2_6.png,680,720
bat,284,4,27,116,U4_0_32.png,680,720
ball,600,400,27,27,U4_0_32.png,680,720
bat,274,0,42,125,U4_0_32.png,680,720
ball,264,406,13,14,U6_13_14.png,680,720
bat,202,83,50,100,U6_13_14.png,680,720
ball,260,386,16,19,U11_12_18.png,680,720
bat,265,164,33,76,U11_12_18.png,680,720
ball,241,359,29,22,U3_3_16.png,680,720
bat,220,55,30,99,U3_3_16.png,680,720
ball,248,359,19,19,U3_3_16.png,680,720
bat,222,53,19,105,U3_3_16.png,680,720
ball,247,427,20,24,U4_14_7.png,680,720
bat,222,175,26,98,U4_14_7.png,680,720
ball,504,323,26,19,U4_13_11.png,680,720
bat,337,270,67,87,U4_13_11.png,680,720
ball,380,330,20,16,U4_22_11.png,680,720
bat,353,228,50,26,U4_22_11.png,680,720
ball,306,440,24,20,U2_3_43.png,680,720
bat,285,359,36,83,U2_3_43.png,680,720
ball,337,453,17,17,U5_3_11.png,680,720
bat,349,165,57,57,U5_3_11.png,680,720
bat,341,142,18,32,U14_2_19.png,680,720
ball,302,374,12,12,U14_2_19.png,680,720
ball,508,453,11,11,U8_1_17.png,680,720
bat,415,231,42,26,U8_1_17.png,680,720
ball,426,250,14,14,U12_11_9.png,680,720
bat,360,89,36,73,U12_11_9.png,680,720
ball,191,406,29,27,U4_5_20.png,680,720
bat,192,258,50,60,U4_5_20.png,680,720
ball,194,412,20,16,U4_5_20.png,680,720
bat,192,260,56,66,U4_5_20.png,680,720
bat,274,146,20,98,U13_6_9.png,680,720
ball,314,425,19,11,U13_6_9.png,680,720
bat,231,89,77,131,U16_3_25.png,680,720
ball,430,575,27,24,U16_3_25.png,680,720
ball,292,301,16,15,U2_0_11.png,680,720
bat,289,234,37,17,U2_0_11.png,680,720
ball,388,425,26,23,U1_15_23.png,680,720
bat,383,310,17,33,U1_15_23.png,680,720
bat,320,190,30,16,U12_5_10.png,680,720
ball,326,321,22,20,U2_14_14.png,680,720
bat,300,222,33,27,U2_14_14.png,680,720
ball,326,323,17,16,U2_14_14.png,680,720
bat,294,209,44,42,U2_14_14.png,680,720
ball,386,519,19,17,U4_8_19.png,680,720
bat,393,412,42,50,U4_8_19.png,680,720
ball,386,519,19,17,U4_8_19.png,680,720
bat,392,415,40,34,U4_8_19.png,680,720
bat,201,301,89,108,U12_7_13.png,680,720
ball,419,265,23,16,U3_2_6.png,680,720
bat,280,92,36,27,U3_2_6.png,680,720
ball,422,265,19,14,U3_2_6.png,680,720
bat,283,89,20,33,U3_2_6.png,680,720
ball,357,373,20,17,U4_2_26.png,680,720
bat,274,255,34,34,U4_2_26.png,680,720
ball,360,373,16,19,U4_2_26.png,680,720
bat,273,257,34,26,U4_2_26.png,680,720
ball,417,308,26,34,U4_3_22.png,680,720
bat,301,310,56,80,U4_3_22.png,680,720
ball,419,314,26,29,U4_3_22.png,680,720
bat,297,308,62,90,U4_3_22.png,680,720
ball,396,301,19,20,U4_15_17.png,680,720
bat,326,162,47,82,U4_15_17.png,680,720
ball,330,410,11,16,U2_12_21.png,680,720
bat,391,234,45,45,U2_12_21.png,680,720
ball,331,410,11,17,U2_12_21.png,680,720
bat,387,232,53,49,U2_12_21.png,680,720
ball,240,413,22,20,U4_6_15.png,680,720
bat,344,153,20,92,U4_6_15.png,680,720
ball,244,415,17,17,U4_6_15.png,680,720
bat,344,158,23,85,U4_6_15.png,680,720
ball,515,257,15,14,U2_5_14.png,680,720
bat,378,147,47,72,U2_5_14.png,680,720
bat,337,237,22,73,U11_13_22.png,680,720
ball,301,439,14,22,U11_13_22.png,680,720
ball,511,347,16,13,U5_0_16.png,680,720
bat,320,250,72,60,U5_0_16.png,680,720
bat,318,152,27,82,U12_17_15.png,680,720
ball,267,373,16,17,U12_17_15.png,680,720
ball,264,284,13,12,U14_2_11.png,680,720
bat,325,142,16,30,U14_2_11.png,680,720
ball,225,531,19,23,U6_16_16.png,680,720
bat,244,313,26,50,U6_16_16.png,680,720
bat,323,232,40,86,U16_0_17.png,680,720
ball,525,465,32,22,U16_0_17.png,680,720
ball,425,317,20,24,U3_4_7.png,680,720
bat,306,93,16,39,U3_4_7.png,680,720
ball,416,317,29,27,U3_4_7.png,680,720
bat,303,96,19,33,U3_4_7.png,680,720
ball,294,376,26,19,U6_6_13.png,680,720
bat,179,294,52,76,U6_6_13.png,680,720
ball,327,541,32,34,U2_5_24.png,680,720
bat,374,364,63,19,U2_5_24.png,680,720
ball,184,480,17,17,U12_10_16.png,680,720
bat,287,165,60,69,U12_10_16.png,680,720
ball,356,455,14,16,U4_2_30.png,680,720
bat,291,188,17,26,U4_2_30.png,680,720
ball,351,460,17,13,U4_2_30.png,680,720
bat,291,189,17,22,U4_2_30.png,680,720
ball,222,252,36,23,U3_3_21.png,680,720
bat,85,196,108,40,U3_3_21.png,680,720
ball,230,254,22,19,U3_3_21.png,680,720
bat,96,196,99,40,U3_3_21.png,680,720
ball,248,298,22,14,U5_2_24.png,680,720
bat,349,175,52,43,U5_2_24.png,680,720
ball,436,298,12,9,U12_14_6.png,680,720
bat,339,206,42,38,U12_14_6.png,680,720
ball,376,399,24,14,U1_14_10.png,680,720
bat,425,157,44,96,U1_14_10.png,680,720
ball,151,308,16,19,U11_0_22.png,680,720
bat,275,228,27,19,U11_0_22.png,680,720
ball,304,453,17,14,U8_2_8.png,680,720
bat,343,218,20,33,U8_2_8.png,680,720
ball,310,427,19,19,U1_24_20.png,680,720
bat,333,336,55,56,U1_24_20.png,680,720
bat,145,267,39,47,U13_3_19.png,680,720
ball,506,218,26,20,U13_3_19.png,680,720
ball,276,249,13,13,U12_8_17.png,680,720
bat,324,166,42,31,U12_8_17.png,680,720
ball,287,250,23,26,U4_8_10.png,680,720
bat,382,244,66,24,U4_8_10.png,680,720
ball,294,251,14,19,U4_8_10.png,680,720
bat,380,244,67,36,U4_8_10.png,680,720
ball,357,538,17,19,U6_12_13.png,680,720
bat,184,367,83,42,U6_12_13.png,680,720
bat,234,184,44,44,U16_0_6.png,680,720
ball,267,436,20,19,U16_0_6.png,680,720
ball,184,320,20,16,U6_14_17.png,680,720
bat,429,294,75,47,U6_14_17.png,680,720
ball,400,404,14,14,U4_3_16.png,680,720
bat,376,156,63,65,U4_3_16.png,680,720
ball,403,403,13,17,U4_3_16.png,680,720
bat,376,155,66,69,U4_3_16.png,680,720
ball,627,217,34,26,U12_4_20.png,680,720
bat,339,242,75,39,U12_4_20.png,680,720
ball,253,367,19,16,U6_9_13.png,680,720
bat,349,162,19,100,U6_9_13.png,680,720
ball,271,392,24,19,U11_5_10.png,680,720
bat,265,166,43,30,U11_5_10.png,680,720
ball,355,264,11,14,U2_17_10.png,680,720
bat,324,113,41,43,U2_17_10.png,680,720
ball,356,264,9,14,U2_17_10.png,680,720
bat,326,119,40,49,U2_17_10.png,680,720
ball,201,317,19,16,U11_0_11.png,680,720
bat,283,181,36,29,U11_0_11.png,680,720
ball,231,526,26,27,U10_3_21.png,680,720
bat,254,334,50,116,U10_3_21.png,680,720
bat,326,255,27,66,U11_13_23.png,680,720
ball,296,455,13,20,U11_13_23.png,680,720
ball,363,385,17,19,U2_16_20.png,680,720
bat,333,320,36,68,U2_16_20.png,680,720
ball,366,387,16,17,U2_16_20.png,680,720
bat,331,303,37,90,U2_16_20.png,680,720
ball,202,486,17,16,U4_11_17.png,680,720
bat,267,244,11,24,U4_11_17.png,680,720
ball,435,365,18,14,U1_17_8.png,680,720
bat,365,188,57,48,U1_17_8.png,680,720
ball,304,463,19,23,U1_24_19.png,680,720
bat,353,271,43,36,U1_24_19.png,680,720
ball,188,346,22,16,U12_15_17.png,680,720
bat,224,247,20,42,U12_15_17.png,680,720
ball,102,123,20,13,U12_3_16.png,680,720
bat,268,96,47,102,U12_3_16.png,680,720
ball,329,453,13,14,U2_13_20.png,680,720
bat,244,257,47,50,U2_13_20.png,680,720
ball,329,458,11,13,U2_13_20.png,680,720
bat,241,258,53,47,U2_13_20.png,680,720
ball,285,294,12,9,U14_2_15.png,680,720
bat,337,135,9,37,U14_2_15.png,680,720
ball,215,392,14,17,U6_8_19.png,680,720
ball,225,343,20,20,U10_3_18.png,680,720
bat,281,267,43,62,U10_3_18.png,680,720
ball,211,410,13,9,U4_6_8.png,680,720
bat,347,214,50,32,U4_6_8.png,680,720
ball,273,371,22,19,U1_24_13.png,680,720
bat,334,209,66,57,U1_24_13.png,680,720
ball,247,344,19,13,U6_4_7.png,680,720
bat,290,176,17,14,U6_4_7.png,680,720
ball,245,409,19,20,U11_7_10.png,680,720
bat,234,181,30,75,U11_7_10.png,680,720
ball,214,327,12,11,U6_8_13.png,680,720
bat,256,294,36,16,U6_8_13.png,680,720
ball,281,483,20,11,U12_16_25.png,680,720
bat,301,394,22,50,U12_16_25.png,680,720
ball,287,308,14,14,U2_0_10.png,680,720
bat,291,238,39,13,U2_0_10.png,680,720
ball,263,409,16,16,U8_5_17.png,680,720
bat,245,185,47,50,U8_5_17.png,680,720
ball,366,365,19,19,U1_26_15.png,680,720
bat,425,146,59,83,U1_26_15.png,680,720
ball,205,287,18,20,U1_16_14.png,680,720
bat,265,163,32,30,U1_16_14.png,680,720
ball,294,413,14,16,U1_23_23.png,680,720
bat,313,293,16,29,U1_23_23.png,680,720
ball,395,382,20,20,U4_3_15.png,680,720
bat,369,179,57,56,U4_3_15.png,680,720
ball,397,387,16,11,U4_3_15.png,680,720
bat,369,181,69,50,U4_3_15.png,680,720
ball,301,307,16,11,U2_8_15.png,680,720
bat,310,159,40,18,U2_8_15.png,680,720
ball,254,321,19,14,U5_4_10.png,680,720
bat,330,194,36,52,U5_4_10.png,680,720
ball,227,238,15,15,U1_16_20.png,680,720
bat,253,195,59,35,U1_16_20.png,680,720
bat,313,294,34,63,U16_6_21.png,680,720
ball,598,222,24,26,U16_6_21.png,680,720
bat,52,181,92,77,U13_3_20.png,680,720
ball,601,116,20,22,U13_3_20.png,680,720
ball,303,328,19,16,U2_0_13.png,680,720
bat,282,209,38,45,U2_0_13.png,680,720
ball,373,308,17,16,U2_19_10.png,680,720
bat,231,162,44,32,U2_19_10.png,680,720
ball,369,303,19,20,U2_19_10.png,680,720
bat,231,166,44,26,U2_19_10.png,680,720
ball,178,475,23,17,U11_2_8.png,680,720
bat,253,125,29,43,U11_2_8.png,680,720
ball,420,376,32,17,U2_5_19.png,680,720
bat,376,225,63,63,U2_5_19.png,680,720
ball,271,470,14,13,U4_7_11.png,680,720
bat,343,207,56,34,U4_7_11.png,680,720
ball,248,412,17,14,U4_14_6.png,680,720
bat,236,175,17,41,U4_14_6.png,680,720
ball,197,443,32,23,U6_8_32.png,680,720
bat,346,125,42,65,U6_8_32.png,680,720
bat,275,261,41,10,U4_1_23.png,680,720
ball,361,337,20,14,U4_1_23.png,680,720
ball,360,337,14,14,U4_1_23.png,680,720
bat,273,260,43,11,U4_1_23.png,680,720
ball,307,397,11,11,U2_11_15.png,680,720
bat,191,211,52,32,U2_11_15.png,680,720
ball,307,400,13,13,U2_11_15.png,680,720
bat,189,211,57,36,U2_11_15.png,680,720
ball,331,281,19,17,U1_26_12.png,680,720
bat,414,157,52,53,U1_26_12.png,680,720
ball,445,351,17,14,U4_0_16.png,680,720
bat,356,258,52,30,U4_0_16.png,680,720
ball,443,344,22,27,U4_0_16.png,680,720
bat,350,262,57,20,U4_0_16.png,680,720
ball,281,311,14,12,U1_25_24.png,680,720
bat,273,225,29,82,U1_25_24.png,680,720
ball,314,267,16,13,U11_6_9.png,680,720
bat,314,227,50,77,U11_6_9.png,680,720
ball,222,336,20,13,U4_11_12.png,680,720
bat,280,181,34,43,U4_11_12.png,680,720
ball,126,241,27,23,U7_0_25.png,680,720
bat,290,146,90,108,U7_0_25.png,680,720
ball,288,522,23,27,U1_19_15.png,680,720
bat,246,383,39,36,U1_19_15.png,680,720
ball,304,422,12,10,U16_1_14.png,680,720
bat,346,235,30,53,U16_1_14.png,680,720
ball,260,350,16,13,U5_9_8.png,680,720
bat,293,184,39,53,U5_9_8.png,680,720
ball,384,337,17,16,U4_22_12.png,680,720
bat,357,228,50,23,U4_22_12.png,680,720
ball,280,236,10,11,U12_8_18.png,680,720
bat,316,165,42,37,U12_8_18.png,680,720
bat,367,199,29,83,U15_0_14.png,680,720
ball,323,450,16,16,U15_0_14.png,680,720
ball,264,439,26,20,U2_3_35.png,680,720
bat,270,232,22,30,U2_3_35.png,680,720
ball,260,415,23,19,U2_3_34.png,680,720
bat,278,291,12,22,U2_3_34.png,680,720
bat,353,209,53,33,U15_0_8.png,680,720
ball,362,349,16,14,U15_0_8.png,680,720
ball,602,363,26,27,U1_14_17.png,680,720
bat,387,258,43,115,U1_14_17.png,680,720
ball,268,235,11,9,U1_23_8.png,680,720
bat,316,195,27,16,U1_23_8.png,680,720
bat,227,295,80,106,U1_24_23.png,680,720
ball,377,278,32,23,U1_24_23.png,680,720
ball,399,314,17,17,U12_0_11.png,680,720
bat,339,261,39,27,U12_0_11.png,680,720
bat,486,7,60,151,U16_2_24.png,680,720
ball,581,136,22,20,U16_2_24.png,680,720
ball,274,469,22,23,U16_0_10.png,680,720
bat,182,126,67,98,U16_0_10.png,680,720
ball,426,268,22,22,U16_6_12.png,680,720
bat,320,278,52,76,U16_6_12.png,680,720
bat,288,333,23,40,U15_0_17.png,680,720
ball,247,327,20,19,U15_0_17.png,680,720
ball,232,394,17,11,U4_9_17.png,680,720
bat,277,129,26,32,U4_9_17.png,680,720
ball,265,338,16,17,U7_0_6.png,680,720
bat,326,151,7,18,U7_0_6.png,680,720
ball,269,316,15,17,U3_1_9.png,680,720
bat,295,138,30,53,U3_1_9.png,680,720
ball,270,317,16,13,U3_1_9.png,680,720
bat,288,135,34,66,U3_1_9.png,680,720
ball,372,135,19,16,U18_0_21.png,680,720
bat,372,174,85,24,U18_0_21.png,680,720
ball,277,404,17,16,U9_2_8.png,680,720
bat,334,148,46,37,U9_2_8.png,680,720
ball,220,360,24,19,U4_24_25.png,680,720
bat,263,181,46,53,U4_24_25.png,680,720
ball,257,346,14,11,U6_13_12.png,680,720
bat,209,142,57,59,U6_13_12.png,680,720
ball,259,387,18,18,U5_8_9.png,680,720
bat,295,178,34,59,U5_8_9.png,680,720
ball,333,305,11,11,U1_25_18.png,680,720
bat,255,128,46,51,U1_25_18.png,680,720
bat,316,202,24,60,U1_25_18.png,680,720
bat,359,142,22,70,U13_0_14.png,680,720
ball,314,443,17,17,U13_0_14.png,680,720
ball,367,75,19,32,U11_14_19.png,680,720
bat,264,189,89,69,U11_14_19.png,680,720
ball,269,229,13,12,U1_22_9.png,680,720
bat,304,197,38,21,U1_22_9.png,680,720
ball,285,413,17,20,U4_4_15.png,680,720
bat,294,341,26,75,U4_4_15.png,680,720
ball,285,416,19,14,U4_4_15.png,680,720
bat,294,341,24,63,U4_4_15.png,680,720
ball,235,290,26,17,U3_3_19.png,680,720
bat,169,90,36,79,U3_3_19.png,680,720
ball,234,288,26,24,U3_3_19.png,680,720
bat,166,95,43,72,U3_3_19.png,680,720
ball,209,386,19,14,U8_4_10.png,680,720
bat,234,237,26,26,U8_4_10.png,680,720
bat,351,215,39,99,U16_2_18.png,680,720
ball,402,265,20,19,U16_2_18.png,680,720
ball,287,413,14,14,U8_2_7.png,680,720
bat,342,215,13,31,U8_2_7.png,680,720
ball,244,394,17,12,U8_6_17.png,680,720
bat,292,193,18,40,U8_6_17.png,680,720
ball,268,374,16,16,U8_2_6.png,680,720
bat,341,210,16,38,U8_2_6.png,680,720
ball,323,410,11,14,U5_5_23.png,680,720
bat,251,166,26,46,U5_5_23.png,680,720
ball,362,456,22,22,U6_1_10.png,680,720
bat,330,234,30,43,U6_1_10.png,680,720
ball,238,442,17,14,U5_6_16.png,680,720
bat,268,258,33,32,U5_6_16.png,680,720
ball,253,278,13,14,U12_3_7.png,680,720
bat,255,99,26,33,U12_3_7.png,680,720
ball,326,366,22,23,U2_1_24.png,680,720
bat,248,316,44,23,U2_1_24.png,680,720
ball,241,308,20,13,U4_9_15.png,680,720
bat,287,96,19,22,U4_9_15.png,680,720
ball,288,299,17,16,U2_8_16.png,680,720
bat,308,187,31,29,U2_8_16.png,680,720
ball,264,201,13,9,U4_9_10.png,680,720
bat,303,131,26,36,U4_9_10.png,680,720
ball,242,328,17,13,U12_15_8.png,680,720
bat,230,218,57,11,U12_15_8.png,680,720
ball,221,339,9,11,U5_1_9.png,680,720
bat,283,285,17,19,U5_1_9.png,680,720
ball,568,209,26,23,U4_16_16.png,680,720
bat,463,237,67,67,U4_16_16.png,680,720
bat,314,278,42,47,U1_17_22.png,680,720
ball,470,261,14,20,U1_17_22.png,680,720
ball,391,282,14,16,U11_16_12.png,680,720
bat,292,182,26,63,U11_16_12.png,680,720
ball,440,404,17,20,U4_0_20.png,680,720
bat,363,234,47,66,U4_0_20.png,680,720
ball,438,407,22,22,U4_0_20.png,680,720
bat,357,237,40,67,U4_0_20.png,680,720
ball,277,293,19,14,U6_5_10.png,680,720
bat,197,175,33,108,U6_5_10.png,680,720
ball,363,235,24,16,U4_15_14.png,680,720
bat,337,132,19,32,U4_15_14.png,680,720
ball,337,307,14,17,U11_16_16.png,680,720
bat,294,179,43,85,U11_16_16.png,680,720
ball,368,364,18,16,U1_14_9.png,680,720
bat,425,144,51,100,U1_14_9.png,680,720
ball,212,327,14,14,U6_8_14.png,680,720
bat,254,297,33,23,U6_8_14.png,680,720
ball,375,264,10,9,U2_17_8.png,680,720
bat,328,121,28,44,U2_17_8.png,680,720
ball,373,264,14,11,U2_17_8.png,680,720
bat,318,123,42,36,U2_17_8.png,680,720
ball,267,343,17,11,U5_4_11.png,680,720
bat,330,197,42,49,U5_4_11.png,680,720
ball,255,296,13,13,U5_8_6.png,680,720
bat,298,182,35,53,U5_8_6.png,680,720
bat,257,211,36,47,U12_13_15.png,680,720
ball,288,377,13,7,U12_13_15.png,680,720
ball,347,290,14,11,U9_1_11.png,680,720
bat,277,49,29,73,U9_1_11.png,680,720
ball,440,255,17,21,U12_11_6.png,680,720
bat,360,109,42,41,U12_11_6.png,680,720
ball,260,400,30,19,U11_1_10.png,680,720
bat,369,72,23,90,U11_1_10.png,680,720
ball,466,245,23,13,U12_1_10.png,680,720
bat,410,57,20,76,U12_1_10.png,680,720
ball,284,501,30,17,U2_18_16.png,680,720
bat,280,397,32,109,U2_18_16.png,680,720
ball,290,493,19,24,U2_18_16.png,680,720
bat,265,399,46,110,U2_18_16.png,680,720
bat,395,363,17,19,U4_22_14.png,680,720
bat,363,196,66,39,U4_22_14.png,680,720
ball,248,278,14,13,U4_9_14.png,680,720
bat,294,87,14,22,U4_9_14.png,680,720
ball,339,295,20,16,U6_7_9.png,680,720
bat,198,166,52,80,U6_7_9.png,680,720
ball,264,334,13,12,U11_12_12.png,680,720
bat,287,157,29,51,U11_12_12.png,680,720
ball,318,380,10,10,U2_11_14.png,680,720
bat,205,214,43,30,U2_11_14.png,680,720
ball,318,379,10,13,U2_11_14.png,680,720
bat,207,219,46,23,U2_11_14.png,680,720
bat,254,118,49,69,U13_5_12.png,680,720
ball,331,511,20,23,U13_5_12.png,680,720
ball,400,425,19,20,U4_22_17.png,680,720
bat,373,132,65,80,U4_22_17.png,680,720
ball,362,265,17,11,U2_7_12.png,680,720
bat,222,168,46,30,U2_7_12.png,680,720
ball,405,280,21,20,U1_17_19.png,680,720
bat,317,269,71,95,U1_17_19.png,680,720
ball,349,400,16,32,U6_3_20.png,680,720
bat,298,396,102,73,U6_3_20.png,680,720
ball,337,331,19,20,U2_16_17.png,680,720
bat,295,179,43,92,U2_16_17.png,680,720
ball,339,333,14,16,U2_16_17.png,680,720
bat,285,181,44,85,U2_16_17.png,680,720
ball,240,281,19,19,U6_16_7.png,680,720
bat,260,234,42,32,U6_16_7.png,680,720
ball,468,260,10,10,U11_8_7.png,680,720
bat,373,182,44,20,U11_8_7.png,680,720
bat,287,129,37,23,U16_4_9.png,680,720
ball,364,314,22,17,U16_4_9.png,680,720
ball,264,297,17,20,U5_9_17.png,680,720
bat,274,145,33,52,U5_9_17.png,680,720
ball,282,284,10,8,U1_25_23.png,680,720
bat,277,239,22,71,U1_25_23.png,680,720
ball,231,460,19,19,U12_15_13.png,680,720
bat,234,195,37,65,U12_15_13.png,680,720
ball,250,248,22,20,U6_9_8.png,680,720
bat,326,209,73,29,U6_9_8.png,680,720
ball,251,386,14,17,U4_5_11.png,680,720
bat,248,260,37,22,U4_5_11.png,680,720
ball,250,380,17,22,U4_5_11.png,680,720
bat,244,248,47,36,U4_5_11.png,680,720
bat,221,350,32,96,U4_24_31.png,680,720
ball,341,479,17,17,U11_6_19.png,680,720
bat,308,392,34,125,U11_6_19.png,680,720
ball,218,250,13,16,U11_4_17.png,680,720
bat,261,171,50,36,U11_4_17.png,680,720
ball,347,264,24,16,U2_8_10.png,680,720
bat,320,116,43,51,U2_8_10.png,680,720
ball,340,205,18,18,U16_2_13.png,680,720
bat,287,79,57,91,U16_2_13.png,680,720
ball,244,531,23,17,U6_9_17.png,680,720
bat,341,264,23,83,U6_9_17.png,680,720
ball,305,196,18,15,U16_2_8.png,680,720
bat,305,87,40,68,U16_2_8.png,680,720
ball,225,559,36,26,U6_16_15.png,680,720
bat,253,281,14,44,U6_16_15.png,680,720
ball,281,373,19,17,U2_19_17.png,680,720
bat,136,164,99,56,U2_19_17.png,680,720
ball,280,370,23,22,U2_19_17.png,680,720
bat,133,158,98,65,U2_19_17.png,680,720
ball,265,513,23,20,U4_23_11.png,680,720
bat,148,247,53,77,U4_23_11.png,680,720
ball,242,343,9,11,U5_2_7.png,680,720
bat,348,212,19,11,U5_2_7.png,680,720
bat,336,203,27,22,U9_0_14.png,680,720
ball,458,344,10,18,U9_0_14.png,680,720
ball,290,355,12,13,U2_15_8.png,680,720
bat,292,169,38,57,U2_15_8.png,680,720
ball,291,356,13,10,U2_15_8.png,680,720
bat,293,172,39,59,U2_15_8.png,680,720
ball,187,415,17,17,U4_11_19.png,680,720
bat,222,344,27,102,U4_11_19.png,680,720
ball,176,232,19,16,U6_15_12.png,680,720
bat,194,242,66,50,U6_15_12.png,680,720
ball,542,638,30,32,U2_2_31.png,1080,1144
bat,376,515,144,46,U2_2_31.png,1080,1144
bat,267,254,32,33,U14_1_16.png,680,720
ball,241,439,17,16,U14_1_16.png,680,720
ball,499,270,23,24,U2_5_15.png,680,720
bat,374,162,52,69,U2_5_15.png,680,720
ball,346,458,22,20,U6_10_12.png,680,720
bat,372,152,30,105,U6_10_12.png,680,720
bat,336,188,26,76,U12_8_32.png,680,720
ball,268,404,22,22,U12_8_32.png,680,720
ball,346,483,19,23,U4_2_31.png,680,720
bat,288,196,30,100,U4_2_31.png,680,720
ball,346,485,19,20,U4_2_31.png,680,720
bat,301,207,20,17,U4_2_31.png,680,720
ball,260,376,17,14,U8_5_16.png,680,720
bat,254,199,43,37,U8_5_16.png,680,720
ball,244,386,17,17,U15_1_16.png,680,720
bat,280,191,14,63,U15_1_16.png,680,720
ball,472,366,13,14,U11_14_13.png,680,720
bat,387,139,24,47,U11_14_13.png,680,720
ball,465,364,11,10,U9_0_8.png,680,720
bat,331,156,15,29,U9_0_8.png,680,720
ball,227,371,11,14,U11_13_12.png,680,720
bat,318,133,44,40,U11_13_12.png,680,720
ball,393,486,23,22,U4_22_19.png,680,720
bat,382,131,20,96,U4_22_19.png,680,720
ball,392,536,27,27,U2_2_12.png,1080,1144
bat,447,447,43,28,U2_2_12.png,1080,1144
ball,567,634,46,30,U2_2_33.png,1080,1144
bat,354,496,144,75,U2_2_33.png,1080,1144
ball,290,466,23,20,U10_2_13.png,680,720
bat,261,377,46,98,U10_2_13.png,680,720
ball,422,245,19,14,U4_15_7.png,680,720
bat,339,98,53,50,U4_15_7.png,680,720
ball,354,521,26,17,U8_2_11.png,680,720
bat,360,150,20,39,U8_2_11.png,680,720
ball,234,409,14,14,U5_6_21.png,680,720
bat,274,284,22,36,U5_6_21.png,680,720
bat,303,240,26,138,U16_0_16.png,680,720
ball,409,384,26,27,U16_0_16.png,680,720
ball,363,285,17,23,U12_2_18.png,680,720
bat,293,204,44,56,U12_2_18.png,680,720
ball,496,274,24,26,U2_6_24.png,680,720
bat,376,164,52,65,U2_6_24.png,680,720
ball,279,305,18,16,U5_3_6.png,680,720
bat,348,188,55,23,U5_3_6.png,680,720
ball,302,314,12,17,U2_0_12.png,680,720
bat,287,226,39,31,U2_0_12.png,680,720
ball,310,364,16,11,U6_14_14.png,680,720
bat,217,159,42,82,U6_14_14.png,680,720
bat,257,260,30,43,U13_3_15.png,680,720
ball,339,460,20,19,U13_3_15.png,680,720
ball,212,427,20,19,U2_4_23.png,680,720
bat,209,194,39,71,U2_4_23.png,680,720
ball,538,201,26,26,U13_4_27.png,680,720
ball,254,328,19,13,U6_13_11.png,680,720
bat,218,172,67,43,U6_13_11.png,680,720
ball,255,451,24,14,U2_18_9.png,680,720
bat,230,213,63,75,U2_18_9.png,680,720
ball,250,446,32,23,U2_18_9.png,680,720
bat,234,218,55,69,U2_18_9.png,680,720
ball,264,489,13,11,U11_11_16.png,680,720
bat,340,201,30,50,U11_11_16.png,680,720
ball,308,366,17,10,U11_13_17.png,680,720
bat,328,208,52,33,U11_13_17.png,680,720
ball,370,393,19,14,U6_1_6.png,680,720
bat,329,297,42,16,U6_1_6.png,680,720
ball,568,427,14,16,U2_16_22.png,680,720
bat,380,314,18,85,U2_16_22.png,680,720
ball,568,426,22,20,U2_16_22.png,680,720
bat,374,324,20,72,U2_16_22.png,680,720
bat,307,149,24,20,U4_9_9.png,680,720
ball,224,380,17,19,U6_11_6.png,680,720
bat,267,185,49,69,U6_11_6.png,680,720
ball,270,268,19,19,U6_5_9.png,680,720
bat,191,179,49,100,U6_5_9.png,680,720
ball,436,423,29,24,U6_5_16.png,680,720
bat,357,453,37,59,U6_5_16.png,680,720
ball,238,351,20,14,U12_17_8.png,680,720
bat,303,182,34,43,U12_17_8.png,680,720
ball,341,429,22,23,U13_5_14.png,680,720
bat,274,257,53,43,U13_5_14.png,680,720
ball,419,262,19,17,U3_4_8.png,680,720
bat,283,90,70,95,U3_4_8.png,680,720
ball,422,261,17,23,U3_4_8.png,680,720
bat,278,86,26,33,U3_4_8.png,680,720
bat,442,202,39,79,U16_2_20.png,680,720
ball,452,307,24,19,U16_2_20.png,680,720
bat,269,152,65,121,U1_16_28.png,680,720
ball,264,370,22,20,U1_16_28.png,680,720
ball,319,294,16,14,U18_0_16.png,680,720
bat,373,96,22,41,U18_0_16.png,680,720
ball,291,412,26,23,U6_5_14.png,680,720
bat,139,403,99,24,U6_5_14.png,680,720
ball,373,258,10,18,U1_21_23.png,680,720
bat,353,238,23,51,U1_21_23.png,680,720
bat,215,204,44,40,U14_0_14.png,680,720
ball,364,367,23,20,U14_0_14.png,680,720
ball,109,470,26,23,U6_8_43.png,680,720
bat,353,43,69,175,U6_8_43.png,680,720
ball,307,308,17,18,U2_16_10.png,680,720
bat,289,173,44,60,U2_16_10.png,680,720
ball,306,311,19,14,U2_16_10.png,680,720
bat,290,175,40,52,U2_16_10.png,680,720
ball,351,361,17,20,U2_12_28.png,680,720
bat,397,304,27,26,U2_12_28.png,680,720
ball,353,363,16,16,U2_12_28.png,680,720
bat,400,310,24,26,U2_12_28.png,680,720
ball,455,426,11,14,U12_1_14.png,680,720
bat,423,73,39,96,U12_1_14.png,680,720
bat,363,66,20,93,U13_7_6.png,680,720
ball,260,363,16,17,U13_7_6.png,680,720
ball,565,321,40,23,U12_9_16.png,680,720
bat,367,320,98,75,U12_9_16.png,680,720
ball,234,351,12,8,U5_2_9.png,680,720
bat,350,232,19,22,U5_2_9.png,680,720
ball,300,251,14,20,U5_2_28.png,680,720
bat,360,131,37,77,U5_2_28.png,680,720
ball,366,304,14,17,U2_9_8.png,680,720
bat,290,135,40,24,U2_9_8.png,680,720
bat,298,300,57,89,U14_2_24.png,680,720
ball,300,324,23,16,U14_2_24.png,680,720
bat,403,320,36,96,U14_2_24.png,680,720
ball,232,369,14,11,U5_6_23.png,680,720
bat,210,341,60,37,U5_6_23.png,680,720
ball,480,324,13,18,U2_6_7.png,680,720
bat,359,165,47,21,U2_6_7.png,680,720
ball,460,338,19,14,U9_0_15.png,680,720
bat,334,214,34,13,U9_0_15.png,680,720
ball,361,332,12,17,U4_1_22.png,680,720
bat,280,247,38,26,U4_1_22.png,680,720
ball,363,333,10,13,U4_1_22.png,680,720
ball,274,247,41,19,U4_1_22.png,680,720
ball,396,384,17,14,U6_12_7.png,680,720
bat,277,149,40,69,U6_12_7.png,680,720
bat,427,143,49,98,U1_13_9.png,680,720
ball,366,365,26,18,U1_13_9.png,680,720
ball,382,359,23,20,U1_17_16.png,680,720
bat,366,277,34,57,U1_17_16.png,680,720
ball,347,382,23,13,U9_1_9.png,680,720
bat,275,57,37,65,U9_1_9.png,680,720
bat,348,274,35,72,U1_20_18.png,680,720
ball,347,502,19,15,U1_20_18.png,680,720
ball,248,327,19,17,U4_21_13.png,680,720
bat,277,209,33,37,U4_21_13.png,680,720
bat,273,271,23,42,U4_18_22.png,680,720
ball,261,435,14,20,U4_18_22.png,680,720
ball,344,545,14,17,U8_2_10.png,680,720
bat,350,178,26,65,U8_2_10.png,680,720
ball,241,331,20,20,U6_16_9.png,680,720
bat,245,250,46,39,U6_16_9.png,680,720
bat,350,106,19,83,U12_9_6.png,680,720
ball,453,447,22,20,U12_9_6.png,680,720
ball,260,4,22,16,U10_1_20.png,680,720
bat,118,50,116,109,U10_1_20.png,680,720
ball,264,260,23,17,U12_12_14.png,680,720
bat,333,142,36,37,U12_12_14.png,680,720
ball,356,285,15,11,U1_18_15.png,680,720
bat,256,141,44,34,U1_18_15.png,680,720
bat,225,205,55,52,U12_15_12.png,680,720
ball,237,425,13,20,U12_15_12.png,680,720
ball,281,443,20,19,U2_11_17.png,680,720
bat,199,242,47,46,U2_11_17.png,680,720
ball,285,442,14,17,U2_11_17.png,680,720
bat,198,241,46,43,U2_11_17.png,680,720
bat,275,199,23,79,U4_2_28.png,680,720
ball,360,407,16,20,U4_2_28.png,680,720
ball,360,409,16,17,U4_2_28.png,680,720
bat,275,204,32,73,U4_2_28.png,680,720
ball,352,322,12,15,U2_1_17.png,680,720
bat,249,247,42,24,U2_1_17.png,680,720
bat,344,221,53,17,U15_0_7.png,680,720
ball,369,333,14,13,U15_0_7.png,680,720
ball,257,524,23,19,U4_14_10.png,680,720
bat,152,184,52,102,U4_14_10.png,680,720
ball,214,261,17,16,U1_16_16.png,680,720
bat,266,170,31,39,U1_16_16.png,680,720
ball,508,308,20,16,U2_6_22.png,680,720
bat,390,135,33,63,U2_6_22.png,680,720
ball,350,293,16,20,U11_16_15.png,680,720
bat,294,189,53,72,U11_16_15.png,680,720
ball,516,423,24,23,U4_0_29.png,680,720
bat,297,175,42,53,U4_0_29.png,680,720
ball,515,423,23,22,U4_0_29.png,680,720
bat,306,175,34,63,U4_0_29.png,680,720
ball,208,482,24,22,U11_5_14.png,680,720
bat,271,393,42,131,U11_5_14.png,680,720
ball,168,419,19,11,U11_13_10.png,680,720
bat,318,133,43,34,U11_13_10.png,680,720
ball,211,399,20,19,U6_11_12.png,680,720
bat,179,347,95,102,U6_11_12.png,680,720
ball,357,374,20,17,U4_1_26.png,680,720
bat,277,254,36,30,U4_1_26.png,680,720
ball,363,374,13,13,U4_1_26.png,680,720
bat,280,258,30,23,U4_1_26.png,680,720
ball,273,257,23,14,U5_8_19.png,680,720
bat,217,198,93,49,U5_8_19.png,680,720
ball,389,430,19,20,U1_26_17.png,680,720
bat,422,174,35,82,U1_26_17.png,680,720
ball,215,409,26,24,U6_8_31.png,680,720
bat,389,126,96,82,U6_8_31.png,680,720
ball,291,271,26,16,U4_8_11.png,680,720
bat,383,240,77,36,U4_8_11.png,680,720
ball,300,267,16,19,U4_8_11.png,680,720
bat,384,241,69,43,U4_8_11.png,680,720
bat,308,203,36,36,U14_4_18.png,680,720
ball,286,359,11,11,U14_4_18.png,680,720
ball,217,516,26,24,U6_8_23.png,680,720
bat,179,186,37,132,U6_8_23.png,680,720
ball,641,466,23,26,U1_15_25.png,680,720
bat,366,320,40,123,U1_15_25.png,680,720
ball,309,190,17,17,U16_2_9.png,680,720
bat,300,83,43,64,U16_2_9.png,680,720
ball,481,284,22,22,U5_5_27.png,680,720
bat,314,260,83,52,U5_5_27.png,680,720
ball,251,422,23,19,U4_21_21.png,680,720
bat,257,224,42,92,U4_21_21.png,680,720
ball,267,351,12,13,U11_9_18.png,680,720
bat,283,225,23,18,U11_9_18.png,680,720
ball,252,425,25,14,U1_19_8.png,680,720
bat,239,215,66,55,U1_19_8.png,680,720
ball,456,374,19,11,U12_1_13.png,680,720
bat,426,69,23,93,U12_1_13.png,680,720
ball,493,502,16,14,U8_1_18.png,680,720
bat,425,212,55,47,U8_1_18.png,680,720
ball,283,560,19,26,U1_19_14.png,680,720
bat,222,328,61,52,U1_19_14.png,680,720
ball,331,376,20,23,U6_10_10.png,680,720
bat,386,166,59,89,U6_10_10.png,680,720
ball,277,253,15,15,U3_1_6.png,680,720
bat,294,150,41,32,U3_1_6.png,680,720
bat,300,169,43,52,U16_4_18.png,680,720
ball,379,264,22,23,U16_4_18.png,680,720
ball,231,240,19,14,U11_4_21.png,680,720
bat,267,199,44,29,U11_4_21.png,680,720
ball,95,293,32,14,U9_2_17.png,680,720
bat,194,192,56,33,U9_2_17.png,680,720
ball,209,328,17,13,U6_8_12.png,680,720
bat,263,288,29,14,U6_8_12.png,680,720
ball,264,376,11,11,U4_17_12.png,680,720
bat,280,219,30,24,U4_17_12.png,680,720
ball,247,337,15,13,U2_3_27.png,680,720
bat,283,276,27,24,U2_3_27.png,680,720
ball,258,390,26,16,U4_20_17.png,680,720
bat,324,205,32,79,U4_20_17.png,680,720
ball,274,394,14,14,U12_18_16.png,680,720
bat,321,146,37,92,U12_18_16.png,680,720
bat,334,143,19,109,U13_4_21.png,680,720
ball,351,524,23,20,U13_4_21.png,680,720
bat,250,159,37,110,U13_3_14.png,680,720
ball,346,489,22,20,U13_3_14.png,680,720
ball,257,349,14,16,U8_8_7.png,680,720
bat,300,184,33,40,U8_8_7.png,680,720
ball,187,420,23,22,U12_10_18.png,680,720
bat,298,191,70,62,U12_10_18.png,680,720
ball,364,369,19,19,U6_2_24.png,680,720
bat,340,291,42,22,U6_2_24.png,680,720
ball,260,366,22,20,U4_20_18.png,680,720
bat,339,260,33,40,U4_20_18.png,680,720
ball,351,252,16,17,U5_2_32.png,680,720
bat,359,106,19,40,U5_2_32.png,680,720
ball,351,423,19,16,U9_1_8.png,680,720
bat,270,75,44,50,U9_1_8.png,680,720
ball,217,463,23,14,U8_4_7.png,680,720
bat,240,182,30,52,U8_4_7.png,680,720
ball,377,262,21,15,U2_17_7.png,680,720
bat,324,120,29,40,U2_17_7.png,680,720
ball,379,261,16,16,U2_17_7.png,680,720
bat,329,125,37,34,U2_17_7.png,680,720
ball,356,455,27,27,U4_8_17.png,680,720
bat,400,176,32,39,U4_8_17.png,680,720
ball,362,459,17,19,U4_8_17.png,680,720
bat,409,181,22,40,U4_8_17.png,680,720
ball,267,509,16,20,U11_7_15.png,680,720
bat,145,247,59,77,U11_7_15.png,680,720
ball,273,470,20,19,U11_7_16.png,680,720
bat,174,364,59,73,U11_7_16.png,680,720
ball,192,496,26,20,U12_10_13.png,680,720
bat,280,188,16,90,U12_10_13.png,680,720
bat,368,198,21,16,U2_12_14.png,680,720
ball,326,341,19,16,U4_8_14.png,680,720
bat,405,179,72,93,U4_8_14.png,680,720
ball,321,338,23,24,U4_8_14.png,680,720
bat,389,182,79,100,U4_8_14.png,680,720
ball,308,347,14,13,U6_14_13.png,680,720
bat,228,159,38,87,U6_14_13.png,680,720
ball,544,149,29,26,U8_4_15.png,680,720
bat,376,218,103,34,U8_4_15.png,680,720
ball,316,316,27,22,U13_0_17.png,680,720
bat,303,277,75,75,U13_0_17.png,680,720
bat,297,194,56,85,U12_8_27.png,680,720
ball,271,303,17,19,U12_8_27.png,680,720
ball,412,452,29,20,U11_15_12.png,680,720
bat,374,224,36,32,U11_15_12.png,680,720
ball,221,316,22,11,U11_11_25.png,680,720
bat,251,313,27,56,U11_11_25.png,680,720
ball,234,240,23,20,U1_15_14.png,680,720
bat,363,137,48,51,U1_15_14.png,680,720
ball,241,310,16,17,U3_3_18.png,680,720
bat,199,62,20,87,U3_3_18.png,680,720
ball,245,311,16,17,U3_3_18.png,680,720
bat,198,59,23,102,U3_3_18.png,680,720
bat,277,257,33,100,U3_3_18.png,680,720
ball,228,311,19,20,U4_20_20.png,680,720
bat,250,304,26,60,U4_20_20.png,680,720
ball,364,492,29,22,U2_5_22.png,680,720
bat,380,280,59,56,U2_5_22.png,680,720
ball,377,409,19,17,U6_2_27.png,680,720
ball,362,274,57,34,U6_2_27.png,680,720
ball,430,598,17,19,U9_0_32.png,680,720
bat,359,344,36,30,U9_0_32.png,680,720
ball,309,449,11,8,U5_5_21.png,680,720
bat,299,170,16,61,U5_5_21.png,680,720
ball,139,37,27,24,U6_3_22.png,680,720
bat,156,291,40,49,U6_3_22.png,680,720
ball,215,413,16,20,U6_8_20.png,680,720
bat,181,218,55,98,U6_8_20.png,680,720
ball,202,493,11,14,U10_0_17.png,680,720
bat,162,374,83,72,U10_0_17.png,680,720
ball,261,435,19,17,U8_5_18.png,680,720
bat,241,169,47,69,U8_5_18.png,680,720
bat,269,184,72,76,U6_12_10.png,680,720
ball,273,233,10,8,U1_23_12.png,680,720
bat,302,198,38,23,U1_23_12.png,680,720
ball,281,310,11,11,U1_23_19.png,680,720
bat,281,193,38,53,U1_23_19.png,680,720
ball,378,400,20,13,U1_13_10.png,680,720
bat,420,157,48,88,U1_13_10.png,680,720
ball,434,368,13,10,U9_0_11.png,680,720
bat,335,180,32,25,U9_0_11.png,680,720
ball,344,245,17,20,U9_1_12.png,680,720
bat,273,55,27,65,U9_1_12.png,680,720
ball,248,492,15,14,U8_7_14.png,680,720
bat,270,199,24,40,U8_7_14.png,680,720
ball,317,372,18,14,U2_13_15.png,680,720
bat,256,254,51,18,U2_13_15.png,680,720
ball,320,376,14,11,U2_13_15.png,680,720
bat,250,254,65,17,U2_13_15.png,680,720
ball,287,360,11,9,U1_23_21.png,680,720
bat,291,212,26,51,U1_23_21.png,680,720
ball,234,434,14,11,U5_6_20.png,680,720
bat,273,261,23,53,U5_6_20.png,680,720
ball,192,347,19,17,U11_13_29.png,680,720
bat,251,349,37,65,U11_13_29.png,680,720
bat,293,164,69,70,U12_10_17.png,680,720
ball,187,450,20,16,U12_10_17.png,680,720
ball,265,433,17,19,U10_2_8.png,680,720
bat,268,294,57,75,U10_2_8.png,680,720
ball,405,320,10,11,U12_4_14.png,680,720
bat,338,106,33,24,U12_4_14.png,680,720
bat,310,201,52,16,U12_8_21.png,680,720
ball,277,232,16,13,U12_8_21.png,680,720
ball,278,242,15,11,U12_8_22.png,680,720
bat,307,209,49,18,U12_8_22.png,680,720
ball,303,407,17,20,U3_0_6.png,680,720
bat,286,192,16,82,U3_0_6.png,680,720
bat,354,199,57,43,U15_0_9.png,680,720
ball,353,367,19,16,U15_0_9.png,680,720
ball,498,366,17,17,U4_16_9.png,680,720
bat,430,112,39,26,U4_16_9.png,680,720
ball,269,404,22,23,U1_16_29.png,680,720
bat,265,145,62,116,U1_16_29.png,680,720
bat,304,334,14,69,U12_13_21.png,680,720
ball,364,347,16,16,U12_13_21.png,680,720
ball,199,293,13,19,U4_19_12.png,680,720
bat,212,224,33,99,U4_19_12.png,680,720
ball,232,320,14,14,U3_3_6.png,680,720
bat,265,143,35,24,U3_3_6.png,680,720
ball,232,317,19,17,U3_3_6.png,680,720
bat,260,138,44,40,U3_3_6.png,680,720
ball,283,562,19,23,U2_18_14.png,680,720
bat,221,328,53,32,U2_18_14.png,680,720
ball,285,567,16,17,U2_18_14.png,680,720
bat,212,324,65,47,U2_18_14.png,680,720
ball,247,459,19,19,U8_6_15.png,680,720
ball,277,198,20,34,U8_6_15.png,680,720
ball,199,387,22,16,U10_0_13.png,680,720
bat,174,294,83,39,U10_0_13.png,680,720
bat,288,122,36,37,U2_9_10.png,680,720
ball,369,321,19,22,U2_9_10.png,680,720
bat,309,187,27,25,U14_4_13.png,680,720
ball,242,311,12,8,U14_4_13.png,680,720
ball,286,281,16,13,U5_7_6.png,680,720
bat,424,173,37,26,U5_7_6.png,680,720
ball,539,324,20,16,U8_1_11.png,680,720
bat,413,186,20,28,U8_1_11.png,680,720
bat,370,69,20,99,U13_0_10.png,680,720
ball,264,400,24,24,U13_0_10.png,680,720
bat,220,257,14,22,U4_11_6.png,680,720
bat,308,129,17,26,U4_11_6.png,680,720
ball,331,420,19,20,U11_6_16.png,680,720
bat,317,290,36,39,U11_6_16.png,680,720
ball,245,383,26,26,U3_3_15.png,680,720
bat,225,62,30,95,U3_3_15.png,680,720
ball,248,382,20,26,U3_3_15.png,680,720
bat,224,63,24,103,U3_3_15.png,680,720
ball,439,317,13,17,U6_3_8.png,680,720
bat,331,264,42,36,U6_3_8.png,680,720
ball,539,512,26,29,U4_15_20.png,680,720
bat,293,1,43,47,U4_15_20.png,680,720
ball,288,302,15,14,U1_25_22.png,680,720
bat,263,226,37,32,U1_25_22.png,680,720
ball,558,622,36,46,U2_2_32.png,1080,1144
bat,365,503,150,62,U2_2_32.png,1080,1144
ball,215,389,24,24,U4_24_26.png,680,720
bat,247,175,62,65,U4_24_26.png,680,720
ball,297,420,13,13,U2_11_16.png,680,720
bat,192,215,52,46,U2_11_16.png,680,720
ball,297,423,9,11,U2_11_16.png,680,720
bat,195,212,49,47,U2_11_16.png,680,720
ball,271,482,13,17,U6_13_16.png,680,720
bat,224,106,27,113,U6_13_16.png,680,720
ball,283,463,29,22,U1_16_35.png,680,720
bat,273,255,66,131,U1_16_35.png,680,720
ball,309,376,14,15,U11_13_18.png,680,720
bat,329,214,48,40,U11_13_18.png,680,720
bat,274,440,33,49,U6_10_17.png,680,720
ball,152,415,47,30,U6_10_17.png,680,720
ball,248,459,17,17,U8_7_15.png,680,720
bat,275,198,23,42,U8_7_15.png,680,720
ball,225,218,67,52,U12_6_20.png,680,720
ball,409,356,24,16,U12_6_20.png,680,720
ball,248,455,27,27,U4_6_17.png,680,720
bat,339,164,19,95,U4_6_17.png,680,720
ball,251,458,23,23,U4_6_17.png,680,720
bat,340,158,17,98,U4_6_17.png,680,720
ball,289,295,16,18,U2_17_16.png,680,720
bat,308,189,28,27,U2_17_16.png,680,720
ball,287,297,14,19,U2_17_16.png,680,720
bat,300,184,42,26,U2_17_16.png,680,720
bat,277,321,57,79,U12_18_21.png,680,720
bat,301,198,46,43,U12_18_21.png,680,720
ball,224,602,26,20,U6_8_25.png,680,720
bat,145,303,36,67,U6_8_25.png,680,720
ball,250,460,16,16,U4_14_8.png,680,720
bat,192,165,40,99,U4_14_8.png,680,720
ball,280,602,24,16,U2_18_13.png,680,720
bat,212,281,57,73,U2_18_13.png,680,720
ball,281,604,26,11,U2_18_13.png,680,720
bat,214,280,60,73,U2_18_13.png,680,720
ball,439,359,23,26,U4_0_17.png,680,720
bat,351,262,60,26,U4_0_17.png,680,720
ball,445,363,16,19,U4_0_17.png,680,720
bat,350,267,59,24,U4_0_17.png,680,720
ball,264,446,19,22,U6_13_17.png,680,720
bat,220,192,27,70,U6_13_17.png,680,720
ball,387,536,25,27,U2_2_11.png,1080,1144
bat,450,425,44,46,U2_2_11.png,1080,1144
ball,189,261,19,19,U6_15_11.png,680,720
bat,185,247,63,75,U6_15_11.png,680,720
ball,152,505,14,14,U11_3_8.png,680,720
bat,212,148,43,96,U11_3_8.png,680,720
ball,373,361,17,17,U16_5_17.png,680,720
bat,347,199,42,40,U16_5_17.png,680,720
ball,290,337,19,22,U2_7_17.png,680,720
bat,141,178,98,30,U2_7_17.png,680,720
ball,429,310,17,17,U12_0_14.png,680,720
bat,353,231,57,33,U12_0_14.png,680,720
ball,327,466,32,27,U4_7_25.png,680,720
bat,323,383,40,128,U4_7_25.png,680,720
ball,339,470,17,20,U4_7_25.png,680,720
bat,324,392,39,96,U4_7_25.png,680,720
bat,242,393,57,128,U4_7_25.png,680,720
ball,302,222,15,22,U1_26_9.png,680,720
bat,409,148,40,46,U1_26_9.png,680,720
ball,407,371,15,15,U1_21_18.png,680,720
bat,361,104,21,32,U1_21_18.png,680,720
ball,326,410,22,19,U5_3_10.png,680,720
bat,344,188,69,39,U5_3_10.png,680,720
ball,533,368,24,19,U1_13_16.png,680,720
bat,406,278,23,124,U1_13_16.png,680,720
ball,283,476,17,13,U5_1_16.png,680,720
bat,267,208,20,29,U5_1_16.png,680,720
ball,208,463,20,19,U12_10_12.png,680,720
bat,274,199,22,87,U12_10_12.png,680,720
ball,222,369,14,13,U4_19_9.png,680,720
bat,268,129,16,62,U4_19_9.png,680,720
ball,598,313,40,27,U2_7_29.png,680,720
bat,293,176,69,70,U2_7_29.png,680,720
ball,346,286,17,17,U1_25_16.png,680,720
bat,254,134,43,48,U1_25_16.png,680,720
ball,302,416,8,9,U5_5_20.png,680,720
bat,307,178,20,58,U5_5_20.png,680,720
bat,286,196,24,29,U5_5_20.png,680,720
bat,268,275,27,60,U5_5_20.png,680,720
ball,144,336,36,14,U11_2_12.png,680,720
bat,175,290,49,92,U11_2_12.png,680,720
ball,221,339,12,11,U2_4_16.png,680,720
bat,265,257,26,14,U2_4_16.png,680,720
ball,214,337,16,9,U6_8_11.png,680,720
bat,271,283,26,17,U6_8_11.png,680,720
ball,109,265,34,34,U6_2_36.png,680,720
bat,251,366,37,23,U6_2_36.png,680,720
ball,455,93,27,20,U10_2_19.png,680,720
bat,274,257,33,102,U10_2_19.png,680,720
ball,354,406,22,17,U4_1_28.png,680,720
bat,273,207,40,76,U4_1_28.png,680,720
ball,354,410,22,14,U4_1_28.png,680,720
bat,275,201,27,75,U4_1_28.png,680,720
ball,267,372,12,11,U11_11_12.png,680,720
bat,335,185,28,23,U11_11_12.png,680,720
ball,363,317,11,11,U2_11_7.png,680,720
bat,240,161,39,22,U2_11_7.png,680,720
ball,212,406,19,19,U8_4_9.png,680,720
ball,479,694,32,26,U8_4_9.png,680,720
bat,268,166,13,50,U8_4_9.png,680,720
bat,256,254,20,15,U2_4_19.png,680,720
bat,218,450,75,77,U6_4_15.png,680,720
ball,395,305,13,10,U1_18_10.png,680,720
bat,271,151,41,25,U1_18_10.png,680,720
ball,320,268,67,95,U16_6_11.png,680,720
ball,400,280,24,17,U16_6_11.png,680,720
ball,253,356,24,13,U4_21_16.png,680,720
bat,263,244,47,32,U4_21_16.png,680,720
ball,238,480,12,10,U14_1_18.png,680,720
bat,266,249,30,55,U14_1_18.png,680,720
ball,266,354,13,14,U4_12_15.png,680,720
bat,254,302,44,90,U4_12_15.png,680,720
ball,264,414,14,11,U11_12_17.png,680,720
bat,275,173,27,66,U11_12_17.png,680,720
ball,208,347,16,16,U10_0_10.png,680,720
bat,207,257,85,26,U10_0_10.png,680,720
ball,255,287,15,11,U16_3_8.png,680,720
bat,297,154,23,46,U16_3_8.png,680,720
bat,301,361,62,105,U13_4_24.png,680,720
ball,356,425,20,17,U13_4_24.png,680,720
ball,392,318,15,18,U1_20_7.png,680,720
bat,335,172,21,41,U1_20_7.png,680,720
ball,251,420,26,16,U3_1_14.png,680,720
bat,303,135,27,33,U3_1_14.png,680,720
ball,255,416,22,20,U3_1_14.png,680,720
bat,308,136,14,32,U3_1_14.png,680,720
ball,392,570,27,30,U2_2_10.png,1080,1144
bat,451,413,38,52,U2_2_10.png,1080,1144
ball,290,396,16,13,U5_4_13.png,680,720
bat,336,208,56,44,U5_4_13.png,680,720
ball,204,347,24,17,U6_8_17.png,680,720
bat,214,294,52,29,U6_8_17.png,680,720
ball,219,229,20,20,U1_15_13.png,680,720
bat,354,141,44,60,U1_15_13.png,680,720
ball,280,388,16,16,U1_25_26.png,680,720
bat,260,205,37,70,U1_25_26.png,680,720
ball,314,294,17,23,U2_7_15.png,680,720
bat,172,188,79,20,U2_7_15.png,680,720
ball,426,271,20,17,U1_17_20.png,680,720
bat,319,281,46,73,U1_17_20.png,680,720
ball,469,327,27,22,U12_0_19.png,680,720
bat,370,219,24,39,U12_0_19.png,680,720
ball,204,357,20,14,U10_0_11.png,680,720
bat,191,268,83,24,U10_0_11.png,680,720
ball,232,139,19,16,U4_12_17.png,680,720
bat,285,234,37,62,U4_12_17.png,680,720
ball,265,349,19,16,U4_20_19.png,680,720
bat,314,324,87,57,U4_20_19.png,680,720
ball,392,387,17,23,U1_17_15.png,680,720
bat,367,226,27,33,U1_17_15.png,680,720
ball,221,403,13,16,U2_4_22.png,680,720
bat,220,208,36,63,U2_4_22.png,680,720
ball,554,432,13,17,U2_6_20.png,680,720
bat,380,120,44,57,U2_6_20.png,680,720
ball,314,189,23,19,U16_2_10.png,680,720
bat,301,77,43,75,U16_2_10.png,680,720
ball,280,475,15,14,U2_3_40.png,680,720
bat,280,425,30,97,U2_3_40.png,680,720
ball,347,258,14,15,U8_0_8.png,640,678
bat,352,100,20,90,U8_0_8.png,640,678
ball,204,554,23,20,U2_4_27.png,680,720
bat,169,192,33,99,U2_4_27.png,680,720
ball,260,386,17,23,U11_11_22.png,680,720
bat,320,205,29,69,U11_11_22.png,680,720
ball,198,420,24,17,U4_21_25.png,680,720
bat,264,344,20,102,U4_21_25.png,680,720
ball,281,331,17,19,U1_23_20.png,680,720
bat,277,205,42,45,U1_23_20.png,680,720
ball,217,343,13,10,U6_8_10.png,680,720
bat,275,276,27,13,U6_8_10.png,680,720
bat,189,174,26,99,U6_7_12.png,680,720
ball,306,369,19,19,U6_7_12.png,680,720
ball,416,216,15,13,U12_6_10.png,680,720
bat,308,166,35,22,U12_6_10.png,680,720
bat,370,225,69,60,U2_6_28.png,680,720
ball,259,390,17,17,U5_8_14.png,680,720
bat,280,137,33,92,U5_8_14.png,680,720
ball,588,207,26,29,U6_4_18.png,680,720
ball,415,326,60,76,U6_4_18.png,680,720
ball,227,458,13,16,U8_8_16.png,680,720
bat,291,132,29,43,U8_8_16.png,680,720
ball,297,333,14,13,U1_18_21.png,680,720
bat,268,169,35,47,U1_18_21.png,680,720
ball,261,265,20,17,U7_0_8.png,680,720
bat,316,155,13,36,U7_0_8.png,680,720
ball,159,205,17,16,U12_3_13.png,680,720
bat,208,218,43,20,U12_3_13.png,680,720
bat,366,314,72,47,U2_6_32.png,680,720
bat,286,336,22,23,U16_1_24.png,680,720
ball,159,313,16,13,U16_1_24.png,680,720
ball,238,255,19,16,U11_4_23.png,680,720
bat,268,207,49,40,U11_4_23.png,680,720
bat,251,240,29,44,U12_13_17.png,680,720
ball,296,419,13,13,U12_13_17.png,680,720
ball,375,278,13,14,U1_25_13.png,680,720
bat,263,152,44,27,U1_25_13.png,680,720
ball,317,371,16,14,U2_12_19.png,680,720
bat,383,227,44,36,U2_12_19.png,680,720
ball,317,374,16,11,U2_12_19.png,680,720
bat,386,227,40,32,U2_12_19.png,680,720
bat,321,409,39,66,U6_2_35.png,680,720
ball,280,384,27,22,U6_2_35.png,680,720
ball,370,311,13,11,U12_14_17.png,680,720
bat,352,238,44,41,U12_14_17.png,680,720
ball,297,260,19,17,U6_10_6.png,680,720
bat,366,228,83,17,U6_10_6.png,680,720
bat,363,79,22,75,U12_11_12.png,680,720
ball,212,255,17,16,U6_17_6.png,680,720
bat,316,162,33,34,U6_17_6.png,680,720
ball,314,342,13,13,U2_0_14.png,680,720
bat,281,188,38,63,U2_0_14.png,680,720
ball,251,406,24,20,U2_7_22.png,680,720
bat,146,128,57,86,U2_7_22.png,680,720
ball,270,337,22,19,U12_8_29.png,680,720
bat,320,185,24,100,U12_8_29.png,680,720
ball,244,314,24,27,U10_0_22.png,680,720
bat,174,367,47,57,U10_0_22.png,680,720
ball,261,400,13,7,U4_18_19.png,680,720
bat,260,241,34,56,U4_18_19.png,680,720
ball,372,338,14,11,U2_9_6.png,680,720
bat,295,132,39,21,U2_9_6.png,680,720
ball,447,791,30,27,U2_2_24.png,1080,1144
bat,412,638,59,64,U2_2_24.png,1080,1144
ball,318,307,20,19,U2_15_14.png,680,720
bat,284,166,44,92,U2_15_14.png,680,720
ball,320,304,17,20,U2_15_14.png,680,720
bat,285,168,50,85,U2_15_14.png,680,720
ball,265,512,24,22,U4_14_11.png,680,720
bat,149,241,60,93,U4_14_11.png,680,720
ball,236,301,15,12,U8_7_20.png,680,720
bat,223,265,53,65,U8_7_20.png,680,720
bat,274,254,29,23,U14_1_14.png,680,720
ball,238,383,22,13,U14_1_14.png,680,720
ball,270,231,13,7,U1_22_8.png,680,720
bat,306,194,40,25,U1_22_8.png,680,720
ball,524,366,18,15,U8_1_15.png,680,720
bat,419,243,26,22,U8_1_15.png,680,720
ball,315,303,16,13,U2_16_12.png,680,720
bat,288,178,41,60,U2_16_12.png,680,720
ball,314,303,11,16,U2_16_12.png,680,720
bat,287,175,49,76,U2_16_12.png,680,720
ball,346,264,16,17,U2_19_12.png,680,720
bat,208,178,59,23,U2_19_12.png,680,720
ball,346,265,17,19,U2_19_12.png,680,720
bat,207,178,52,23,U2_19_12.png,680,720
bat,291,153,36,56,U16_3_9.png,680,720
ball,258,293,19,11,U16_3_9.png,680,720
ball,287,499,22,11,U10_2_12.png,680,720
bat,263,357,57,93,U10_2_12.png,680,720
ball,367,293,24,29,U2_7_27.png,680,720
bat,284,245,50,90,U2_7_27.png,680,720
ball,249,310,13,15,U1_24_9.png,680,720
bat,336,190,39,45,U1_24_9.png,680,720
bat,430,350,17,19,U5_4_21.png,680,720
bat,357,227,32,26,U5_4_21.png,680,720
ball,445,485,11,16,U12_1_15.png,680,720
bat,430,75,33,106,U12_1_15.png,680,720
ball,294,325,13,13,U14_2_17.png,680,720
bat,335,130,14,52,U14_2_17.png,680,720
ball,199,459,16,17,U10_0_16.png,680,720
bat,168,359,75,67,U10_0_16.png,680,720
ball,321,318,11,11,U1_25_19.png,680,720
bat,257,129,43,55,U1_25_19.png,680,720
bat,344,141,17,76,U12_12_20.png,680,720
ball,329,356,13,16,U12_12_20.png,680,720
ball,202,227,19,14,U1_15_12.png,680,720
bat,356,149,46,42,U1_15_12.png,680,720
ball,238,458,14,11,U5_6_19.png,680,720
bat,270,251,27,59,U5_6_19.png,680,720
ball,288,222,17,16,U1_26_8.png,680,720
bat,403,147,37,44,U1_26_8.png,680,720
bat,300,128,52,95,U13_5_7.png,680,720
ball,349,390,16,14,U13_5_7.png,680,720
ball,315,303,20,16,U2_15_13.png,680,720
bat,286,170,45,76,U2_15_13.png,680,720
ball,318,304,13,14,U2_15_13.png,680,720
bat,283,174,52,72,U2_15_13.png,680,720
ball,209,400,16,16,U4_5_18.png,680,720
bat,197,326,43,118,U4_5_18.png,680,720
bat,207,62,87,66,U6_8_38.png,680,720
bat,331,235,34,83,U12_16_22.png,680,720
ball,301,443,13,16,U12_16_22.png,680,720
ball,369,508,20,22,U4_8_18.png,680,720
bat,397,308,30,50,U4_8_18.png,680,720
ball,373,508,17,23,U4_8_18.png,680,720
bat,397,303,27,43,U4_8_18.png,680,720
ball,257,406,16,19,U11_16_22.png,680,720
bat,251,346,50,102,U11_16_22.png,680,720
bat,165,328,80,115,U4_11_20.png,680,720
ball,351,275,16,19,U6_7_8.png,680,720
bat,209,191,67,63,U6_7_8.png,680,720
ball,277,449,19,20,U1_16_30.png,680,720
bat,283,161,26,28,U1_16_30.png,680,720
ball,297,332,13,16,U1_25_21.png,680,720
bat,267,170,34,40,U1_25_21.png,680,720
bat,356,67,20,85,U13_0_7.png,680,720
ball,235,291,20,19,U13_0_7.png,680,720
ball,230,234,13,17,U11_4_20.png,680,720
bat,264,196,43,37,U11_4_20.png,680,720
ball,258,450,17,20,U3_3_13.png,680,720
bat,230,75,39,83,U3_3_13.png,680,720
ball,255,442,22,17,U3_3_13.png,680,720
bat,231,73,34,98,U3_3_13.png,680,720
ball,364,382,17,16,U2_10_18.png,680,720
bat,353,181,30,67,U2_10_18.png,680,720
ball,440,311,19,19,U12_0_15.png,680,720
bat,353,202,73,62,U12_0_15.png,680,720
ball,291,404,20,20,U6_7_13.png,680,720
bat,165,215,52,102,U6_7_13.png,680,720
bat,350,172,44,42,U13_3_6.png,680,720
ball,433,324,16,14,U13_3_6.png,680,720
ball,339,250,14,14,U5_2_31.png,680,720
bat,362,113,24,95,U5_2_31.png,680,720
ball,250,465,26,22,U6_4_11.png,680,720
bat,267,153,32,80,U6_4_11.png,680,720
ball,238,347,18,14,U1_24_8.png,680,720
bat,335,184,33,49,U1_24_8.png,680,720
ball,244,334,22,22,U3_3_17.png,680,720
bat,221,53,14,106,U3_3_17.png,680,720
ball,244,336,16,13,U3_3_17.png,680,720
bat,218,49,13,105,U3_3_17.png,680,720
ball,346,437,22,17,U2_0_19.png,680,720
bat,283,248,42,56,U2_0_19.png,680,720
ball,366,343,16,14,U4_2_21.png,680,720
bat,280,242,40,24,U4_2_21.png,680,720
ball,364,344,16,17,U4_2_21.png,680,720
bat,284,242,27,19,U4_2_21.png,680,720
ball,257,561,29,23,U6_4_13.png,680,720
bat,290,212,23,36,U6_4_13.png,680,720
ball,241,313,14,10,U8_8_8.png,680,720
bat,291,186,43,43,U8_8_8.png,680,720
ball,389,303,12,12,U12_5_6.png,680,720
bat,325,172,33,10,U12_5_6.png,680,720
ball,460,482,24,22,U4_0_27.png,680,720
bat,360,379,85,79,U4_0_27.png,680,720
ball,462,485,24,22,U4_0_27.png,680,720
bat,366,371,72,86,U4_0_27.png,680,720
ball,211,469,17,16,U4_11_16.png,680,720
bat,254,171,26,73,U4_11_16.png,680,720
ball,285,327,19,13,U5_3_7.png,680,720
bat,347,189,56,26,U5_3_7.png,680,720
ball,247,291,20,22,U11_5_6.png,680,720
bat,253,171,82,109,U11_5_6.png,680,720
ball,248,394,19,14,U3_3_10.png,680,720
bat,247,108,42,67,U3_3_10.png,680,720
ball,247,393,19,20,U3_3_10.png,680,720
bat,250,105,47,73,U3_3_10.png,680,720
ball,270,404,16,13,U13_7_7.png,680,720
bat,321,222,29,108,U16_6_18.png,680,720
ball,555,208,27,27,U16_6_18.png,680,720
ball,334,371,23,26,U4_8_15.png,680,720
bat,407,166,59,113,U4_8_15.png,680,720
ball,333,373,23,17,U4_8_15.png,680,720
bat,415,164,36,98,U4_8_15.png,680,720
ball,277,303,10,16,U2_19_25.png,680,720
bat,253,235,36,129,U2_19_25.png,680,720
ball,271,298,20,16,U2_19_25.png,680,720
bat,253,237,39,132,U2_19_25.png,680,720
bat,225,320,33,32,U13_5_17.png,680,720
ball,372,162,23,30,U13_5_17.png,680,720
ball,187,310,22,11,U8_3_13.png,680,720
bat,158,277,92,83,U8_3_13.png,680,720
ball,205,367,27,16,U6_8_18.png,680,720
bat,198,267,55,49,U6_8_18.png,680,720
ball,459,112,20,19,U16_4_24.png,680,720
bat,419,135,23,59,U16_4_24.png,680,720
ball,261,480,19,26,U4_6_18.png,680,720
bat,339,209,17,76,U4_6_18.png,680,720
ball,261,488,17,14,U4_6_18.png,680,720
bat,336,205,22,77,U4_6_18.png,680,720
ball,363,361,16,13,U4_1_25.png,680,720
bat,274,267,39,17,U4_1_25.png,680,720
ball,360,361,16,13,U4_1_25.png,680,720
bat,275,270,40,13,U4_1_25.png,680,720
ball,306,460,19,27,U2_6_35.png,680,720
bat,313,396,30,123,U2_6_35.png,680,720
ball,440,366,22,27,U4_0_18.png,680,720
bat,349,264,70,30,U4_0_18.png,680,720
ball,446,373,17,20,U4_0_18.png,680,720
bat,359,262,52,33,U4_0_18.png,680,720
ball,279,236,13,17,U2_17_18.png,680,720
bat,267,202,14,81,U2_17_18.png,680,720
bat,264,199,13,84,U2_17_18.png,680,720
ball,279,233,12,12,U2_17_18.png,680,720
ball,39,250,32,22,U13_0_18.png,680,720
bat,261,258,23,24,U13_0_18.png,680,720
ball,261,373,11,10,U4_18_17.png,680,720
bat,263,251,37,33,U4_18_17.png,680,720
ball,313,384,19,17,U2_1_25.png,680,720
bat,267,350,56,109,U2_1_25.png,680,720
bat,245,182,52,56,U2_1_25.png,680,720
ball,201,528,22,16,U10_0_19.png,680,720
bat,168,399,69,83,U10_0_19.png,680,720
ball,253,344,16,17,U15_1_10.png,680,720
bat,281,162,29,59,U15_1_10.png,680,720
ball,260,310,13,13,U12_13_7.png,680,720
bat,297,183,26,22,U12_13_7.png,680,720
ball,258,406,17,13,U12_17_7.png,680,720
bat,300,186,34,36,U12_17_7.png,680,720
ball,343,347,19,17,U2_1_22.png,680,720
bat,273,165,20,109,U2_1_22.png,680,720
ball,241,354,14,10,U14_1_10.png,680,720
bat,287,219,18,11,U14_1_10.png,680,720
ball,377,400,22,17,U1_26_16.png,680,720
bat,427,155,50,82,U1_26_16.png,680,720
ball,261,357,14,11,U4_17_11.png,680,720
bat,293,218,20,26,U4_17_11.png,680,720
ball,311,392,14,13,U6_14_15.png,680,720
bat,202,165,39,100,U6_14_15.png,680,720
ball,264,374,14,11,U2_13_11.png,680,720
bat,285,208,32,14,U2_13_11.png,680,720
ball,444,757,27,23,U2_2_25.png,1080,1144
bat,442,654,52,178,U2_2_25.png,1080,1144
ball,475,310,13,11,U2_6_8.png,680,720
bat,363,171,49,20,U2_6_8.png,680,720
ball,184,334,20,14,U11_0_8.png,680,720
ball,283,184,46,26,U11_0_8.png,680,720
ball,199,380,16,16,U2_4_31.png,680,720
bat,189,317,50,143,U2_4_31.png,680,720
ball,472,374,22,23,U1_13_15.png,680,720
bat,412,295,29,132,U1_13_15.png,680,720
ball,257,478,22,16,U11_13_26.png,680,720
bat,275,407,22,93,U11_13_26.png,680,720
ball,253,320,19,16,U12_17_12.png,680,720
bat,306,173,42,53,U12_17_12.png,680,720
ball,274,483,27,29,U1_16_32.png,680,720
bat,248,364,46,53,U1_16_32.png,680,720
ball,296,373,17,20,U2_14_9.png,680,720
bat,284,92,53,100,U2_14_9.png,680,720
ball,294,371,17,22,U2_14_9.png,680,720
bat,290,98,43,85,U2_14_9.png,680,720
bat,310,99,44,37,U2_14_9.png,680,720
ball,321,153,23,23,U10_0_23.png,680,720
bat,184,349,37,20,U10_0_23.png,680,720
ball,268,231,13,9,U1_23_10.png,680,720
bat,306,196,36,20,U1_23_10.png,680,720
ball,290,280,14,11,U12_12_16.png,680,720
ball,344,347,20,20,U2_16_18.png,680,720
bat,300,213,39,73,U2_16_18.png,680,720
ball,347,346,20,20,U2_16_18.png,680,720
bat,298,217,39,69,U2_16_18.png,680,720
ball,307,341,14,11,U2_12_17.png,680,720
bat,380,214,36,24,U2_12_17.png,680,720
ball,307,343,11,14,U2_12_17.png,680,720
bat,374,219,40,19,U2_12_17.png,680,720
ball,261,392,14,16,U14_1_9.png,680,720
bat,290,210,17,13,U14_1_9.png,680,720
bat,303,238,23,54,U14_1_9.png,680,720
ball,382,383,24,17,U5_3_15.png,680,720
bat,278,132,37,27,U5_3_15.png,680,720
bat,337,120,47,55,U5_3_15.png,680,720
ball,287,197,12,11,U2_17_19.png,680,720
bat,251,207,18,75,U2_17_19.png,680,720
ball,285,196,20,16,U2_17_19.png,680,720
bat,242,207,33,80,U2_17_19.png,680,720
ball,336,296,19,13,U1_25_17.png,680,720
bat,254,131,48,47,U1_25_17.png,680,720
bat,222,338,66,53,U13_3_18.png,680,720
ball,417,305,26,20,U13_3_18.png,680,720
ball,264,324,16,22,U5_8_16.png,680,720
bat,278,128,27,89,U5_8_16.png,680,720
ball,270,250,16,17,U6_6_8.png,680,720
bat,195,195,55,79,U6_6_8.png,680,720
ball,35,219,32,29,U6_7_21.png,680,720
bat,366,280,44,83,U6_7_21.png,680,720
ball,621,169,26,17,U2_12_34.png,680,720
bat,346,303,66,86,U2_12_34.png,680,720
ball,628,168,17,19,U2_12_34.png,680,720
bat,343,305,60,86,U2_12_34.png,680,720
ball,357,335,20,15,U1_14_8.png,680,720
bat,425,148,55,81,U1_14_8.png,680,720
ball,326,382,20,16,U5_5_24.png,680,720
bat,230,182,39,40,U5_5_24.png,680,720
ball,220,240,22,13,U11_4_19.png,680,720
bat,264,192,44,33,U11_4_19.png,680,720
ball,334,307,17,16,U12_2_20.png,680,720
bat,298,184,47,80,U12_2_20.png,680,720
ball,621,118,30,37,U4_14_15.png,680,720
bat,311,228,63,49,U4_14_15.png,680,720
ball,522,663,32,21,U2_2_29.png,1080,1144
bat,383,538,121,84,U2_2_29.png,1080,1144
bat,215,208,52,17,U2_11_12.png,680,720
bat,217,207,50,19,U2_11_12.png,680,720
ball,254,297,13,14,U15_1_7.png,680,720
bat,285,152,30,49,U15_1_7.png,680,720
ball,572,198,20,22,U2_12_33.png,680,720
bat,341,318,39,93,U2_12_33.png,680,720
ball,574,199,17,14,U2_12_33.png,680,720
bat,346,324,37,92,U2_12_33.png,680,720
ball,602,361,24,23,U1_13_17.png,680,720
bat,397,260,27,115,U1_13_17.png,680,720
ball,344,491,11,10,U13_6_7.png,680,720
bat,271,127,35,90,U13_6_7.png,680,720
ball,417,290,14,22,U2_12_30.png,680,720
bat,341,316,27,122,U2_12_30.png,680,720
ball,413,290,23,20,U2_12_30.png,680,720
bat,341,318,29,115,U2_12_30.png,680,720
ball,255,311,19,13,U11_4_26.png,680,720
bat,263,194,77,60,U11_4_26.png,680,720
bat,350,131,44,42,U13_4_12.png,680,720
ball,439,234,13,13,U13_4_12.png,680,720
ball,536,161,34,36,U4_3_23.png,680,720
bat,242,232,26,34,U4_3_23.png,680,720
ball,329,452,17,23,U2_13_23.png,680,720
bat,285,353,32,17,U2_13_23.png,680,720
ball,330,455,17,16,U2_13_23.png,680,720
bat,284,350,33,24,U2_13_23.png,680,720
ball,198,475,22,22,U2_4_29.png,680,720
bat,169,275,27,44,U2_4_29.png,680,720
ball,240,267,19,13,U6_16_6.png,680,720
bat,261,224,40,22,U6_16_6.png,680,720
ball,260,338,25,18,U1_16_27.png,680,720
bat,274,171,70,83,U1_16_27.png,680,720
ball,257,340,16,17,U12_18_13.png,680,720
bat,314,172,39,63,U12_18_13.png,680,720
ball,485,211,17,24,U5_0_20.png,680,720
bat,296,119,49,110,U5_0_20.png,680,720
bat,280,334,39,46,U13_4_25.png,680,720
ball,410,353,26,22,U13_4_25.png,680,720
ball,231,429,20,17,U4_12_10.png,680,720
bat,267,122,24,82,U4_12_10.png,680,720
ball,346,338,17,14,U2_1_21.png,680,720
bat,263,163,30,101,U2_1_21.png,680,720
ball,458,326,13,16,U11_14_16.png,680,720
bat,412,314,69,66,U11_14_16.png,680,720
ball,393,232,17,17,U1_21_24.png,680,720
bat,350,242,32,83,U1_21_24.png,680,720
ball,244,307,23,13,U12_17_11.png,680,720
bat,304,181,43,44,U12_17_11.png,680,720
ball,198,485,23,17,U10_0_20.png,680,720
bat,156,393,82,92,U10_0_20.png,680,720
ball,162,458,34,29,U6_8_35.png,680,720
bat,199,131,164,30,U6_8_35.png,680,720
bat,291,349,42,119,U16_5_23.png,680,720
ball,290,425,22,22,U16_5_23.png,680,720
bat,313,158,37,72,U12_18_14.png,680,720
bat,326,168,40,34,U12_18_14.png,680,720
ball,265,359,13,14,U12_18_14.png,680,720
ball,522,430,14,17,U5_0_14.png,680,720
bat,460,410,53,39,U5_0_14.png,680,720
ball,251,365,12,10,U2_3_25.png,680,720
bat,282,256,27,31,U2_3_25.png,680,720
ball,242,346,16,14,U11_7_6.png,680,720
bat,257,185,49,53,U11_7_6.png,680,720
bat,278,377,92,110,U12_8_36.png,680,720
ball,258,486,20,23,U12_8_36.png,680,720
ball,270,524,32,24,U1_25_29.png,680,720
bat,251,185,53,75,U1_25_29.png,680,720
bat,304,181,42,55,U12_18_9.png,680,720
ball,237,305,19,11,U12_18_9.png,680,720
ball,245,317,11,11,U5_6_11.png,680,720
bat,291,231,12,9,U5_6_11.png,680,720
ball,344,269,11,14,U2_8_11.png,680,720
bat,328,113,33,52,U2_8_11.png,680,720
bat,320,209,59,42,U12_16_17.png,680,720
ball,310,361,16,13,U12_16_17.png,680,720
ball,260,472,14,16,U4_17_16.png,680,720
bat,265,224,26,42,U4_17_16.png,680,720
ball,287,498,26,26,U1_19_16.png,680,720
bat,271,404,48,100,U1_19_16.png,680,720
ball,514,567,34,33,U11_6_21.png,680,720
bat,222,338,125,109,U11_6_21.png,680,720
ball,380,284,13,14,U11_16_13.png,680,720
bat,293,192,39,62,U11_16_13.png,680,720
ball,270,267,22,17,U6_6_9.png,680,720
bat,188,176,59,103,U6_6_9.png,680,720
ball,472,472,17,14,U8_1_20.png,680,720
bat,439,208,30,60,U8_1_20.png,680,720
ball,255,369,19,14,U4_21_17.png,680,720
bat,265,247,40,55,U4_21_17.png,680,720
ball,305,453,12,14,U16_1_16.png,680,720
bat,352,248,11,47,U16_1_16.png,680,720
ball,408,605,32,30,U2_2_17.png,1080,1144
bat,440,442,41,78,U2_2_17.png,1080,1144
ball,336,161,22,16,U9_1_14.png,680,720
bat,222,125,87,57,U9_1_14.png,680,720
bat,326,224,56,69,U12_16_20.png,680,720
ball,306,409,13,16,U12_16_20.png,680,720
ball,423,491,13,24,U1_17_11.png,680,720
bat,376,161,52,88,U1_17_11.png,680,720
ball,324,310,16,19,U2_16_15.png,680,720
bat,288,168,39,75,U2_16_15.png,680,720
ball,327,314,19,22,U2_16_15.png,680,720
bat,285,169,49,89,U2_16_15.png,680,720
ball,465,338,19,14,U11_8_12.png,680,720
bat,390,120,26,47,U11_8_12.png,680,720
bat,372,62,33,76,U12_7_7.png,680,720
ball,245,338,24,22,U12_7_7.png,680,720
ball,399,470,29,19,U1_14_12.png,680,720
bat,419,219,26,59,U1_14_12.png,680,720
ball,208,270,16,19,U11_4_15.png,680,720
bat,265,165,39,32,U11_4_15.png,680,720
ball,221,305,24,14,U4_24_23.png,680,720
bat,287,172,30,44,U4_24_23.png,680,720
ball,273,416,17,22,U2_11_18.png,680,720
bat,214,308,49,37,U2_11_18.png,680,720
ball,273,417,14,16,U2_11_18.png,680,720
bat,207,305,56,42,U2_11_18.png,680,720
ball,175,307,17,14,U12_15_18.png,680,720
bat,164,295,43,29,U12_15_18.png,680,720
ball,338,358,17,17,U2_1_23.png,680,720
bat,274,223,18,72,U2_1_23.png,680,720
ball,413,450,27,24,U12_1_18.png,680,720
bat,374,224,34,29,U12_1_18.png,680,720
ball,217,359,23,16,U4_6_11.png,680,720
bat,347,202,55,50,U4_6_11.png,680,720
bat,347,199,50,47,U4_6_11.png,680,720
ball,252,296,13,17,U5_9_6.png,680,720
bat,299,176,33,56,U5_9_6.png,680,720
bat,351,260,32,65,U1_20_17.png,680,720
ball,353,472,18,18,U1_20_17.png,680,720
ball,293,314,13,13,U1_22_24.png,680,720
bat,286,353,25,86,U1_22_24.png,680,720
ball,458,445,22,19,U8_1_21.png,680,720
bat,446,221,33,57,U8_1_21.png,680,720
ball,89,277,26,26,U6_7_20.png,680,720
bat,417,291,37,96,U6_7_20.png,680,720
ball,271,512,20,23,U11_5_13.png,680,720
bat,283,412,29,126,U11_5_13.png,680,720
bat,321,397,79,138,U11_5_13.png,680,720
ball,430,285,29,22,U4_23_14.png,680,720
bat,301,337,43,53,U4_23_14.png,680,720
ball,255,439,26,17,U2_19_20.png,680,720
bat,145,113,63,109,U2_19_20.png,680,720
ball,255,440,20,17,U2_19_20.png,680,720
bat,142,116,67,102,U2_19_20.png,680,720
ball,396,222,14,19,U4_15_11.png,680,720
bat,341,62,43,79,U4_15_11.png,680,720
ball,273,434,28,19,U1_18_27.png,680,720
bat,253,195,46,66,U1_18_27.png,680,720
ball,393,492,24,17,U4_3_19.png,680,720
bat,377,131,30,106,U4_3_19.png,680,720
ball,395,489,19,20,U4_3_19.png,680,720
bat,380,128,23,102,U4_3_19.png,680,720
ball,194,430,26,20,U2_4_30.png,680,720
bat,162,333,53,87,U2_4_30.png,680,720
ball,318,330,13,14,U12_12_19.png,680,720
bat,336,146,42,55,U12_12_19.png,680,720
ball,247,297,14,17,U11_12_21.png,680,720
bat,247,178,29,39,U11_12_21.png,680,720
ball,446,347,20,17,U2_5_18.png,680,720
bat,379,199,57,69,U2_5_18.png,680,720
bat,353,102,50,59,U12_11_7.png,680,720
ball,430,252,23,14,U12_11_7.png,680,720
ball,419,521,26,20,U11_6_20.png,680,720
bat,283,383,55,119,U11_6_20.png,680,720
bat,364,387,56,118,U11_6_20.png,680,720
ball,192,382,17,22,U11_0_26.png,680,720
bat,261,237,40,22,U11_0_26.png,680,720
ball,248,435,20,19,U6_9_15.png,680,720
bat,333,162,34,96,U6_9_15.png,680,720
ball,254,340,17,9,U4_18_14.png,680,720
bat,268,224,37,27,U4_18_14.png,680,720
ball,250,284,19,11,U6_15_7.png,680,720
bat,263,102,16,34,U6_15_7.png,680,720
ball,248,338,22,16,U2_3_28.png,680,720
bat,277,285,28,22,U2_3_28.png,680,720
ball,231,404,19,16,U7_0_15.png,680,720
bat,261,205,40,63,U7_0_15.png,680,720
bat,328,196,26,44,U12_4_8.png,680,720
bat,220,234,70,23,U16_3_22.png,680,720
ball,238,159,52,60,U16_3_22.png,680,720
ball,337,506,20,19,U16_3_22.png,680,720
ball,277,307,12,14,U12_13_11.png,680,720
bat,281,194,32,28,U12_13_11.png,680,720
ball,308,346,13,10,U11_13_15.png,680,720
bat,327,191,53,20,U11_13_15.png,680,720
bat,341,116,34,108,U13_4_20.png,680,720
ball,363,473,17,14,U13_4_20.png,680,720
bat,324,181,30,16,U12_5_8.png,680,720
bat,376,207,34,14,U5_10_7.png,680,720
ball,284,248,23,24,U5_10_7.png,680,720
bat,286,168,30,42,U16_3_11.png,680,720
ball,269,311,12,13,U16_3_11.png,680,720
bat,307,179,23,60,U14_4_20.png,680,720
ball,298,412,16,17,U14_4_20.png,680,720
ball,406,462,21,16,U1_17_13.png,680,720
bat,379,162,31,93,U1_17_13.png,680,720
ball,125,443,26,26,U6_8_40.png,680,720
bat,280,52,85,139,U6_8_40.png,680,720
ball,334,273,11,12,U2_8_12.png,680,720
ball,333,569,29,26,U1_20_20.png,680,720
bat,335,334,23,47,U1_20_20.png,680,720
ball,349,170,19,14,U18_0_20.png,680,720
bat,373,143,74,18,U18_0_20.png,680,720
ball,270,452,19,17,U4_6_19.png,680,720
bat,327,305,49,27,U4_6_19.png,680,720
ball,275,453,14,11,U4_6_19.png,680,720
bat,327,305,46,20,U4_6_19.png,680,720
ball,483,501,19,14,U8_1_19.png,680,720
bat,423,208,53,52,U8_1_19.png,680,720
ball,202,285,17,19,U11_4_14.png,680,720
bat,264,165,30,40,U11_4_14.png,680,720
ball,412,245,32,19,U3_3_23.png,680,720
bat,287,221,55,22,U3_3_23.png,680,720
ball,417,247,24,22,U3_3_23.png,680,720
bat,287,215,53,37,U3_3_23.png,680,720
ball,225,303,11,14,U12_3_9.png,680,720
bat,260,181,14,13,U12_3_9.png,680,720
ball,309,201,32,23,U14_4_15.png,680,720
ball,264,305,11,10,U14_4_15.png,680,720
ball,184,403,11,10,U2_13_9.png,680,720
bat,300,188,16,13,U2_13_9.png,680,720
ball,263,439,15,12,U11_9_22.png,680,720
bat,259,201,34,50,U11_9_22.png,680,720
ball,318,465,16,16,U5_4_15.png,680,720
bat,337,207,59,55,U5_4_15.png,680,720
ball,330,483,19,16,U2_13_22.png,680,720
bat,263,298,37,47,U2_13_22.png,680,720
ball,329,480,14,17,U2_13_22.png,680,720
bat,263,304,37,37,U2_13_22.png,680,720
ball,280,291,10,10,U1_22_16.png,680,720
bat,281,193,42,51,U1_22_16.png,680,720
ball,0,415,16,24,U12_10_22.png,680,720
bat,144,344,105,87,U12_10_22.png,680,720
ball,303,416,20,19,U6_6_14.png,680,720
bat,138,403,103,23,U6_6_14.png,680,720
bat,285,108,37,46,U16_4_11.png,680,720
ball,373,341,17,13,U16_4_11.png,680,720
ball,417,498,17,14,U1_17_12.png,680,720
bat,382,162,39,104,U1_17_12.png,680,720
ball,166,336,22,22,U11_0_24.png,680,720
bat,270,237,32,20,U11_0_24.png,680,720
ball,275,234,16,14,U2_8_18.png,680,720
bat,265,200,22,84,U2_8_18.png,680,720
ball,237,513,20,19,U6_16_14.png,680,720
bat,251,175,20,44,U6_16_14.png,680,720
ball,534,376,17,22,U2_6_21.png,680,720
bat,370,125,50,72,U2_6_21.png,680,720
ball,255,357,17,13,U2_3_30.png,680,720
bat,272,299,30,20,U2_3_30.png,680,720
ball,273,480,29,26,U11_4_32.png,680,720
bat,254,367,36,52,U11_4_32.png,680,720
ball,255,349,13,11,U7_0_13.png,680,720
bat,275,211,42,50,U7_0_13.png,680,720
ball,281,280,13,12,U14_2_14.png,680,720
bat,338,149,9,21,U14_2_14.png,680,720
ball,274,270,10,12,U14_2_12.png,680,720
bat,328,139,12,29,U14_2_12.png,680,720
ball,363,245,23,20,U6_7_6.png,680,720
bat,237,221,55,32,U6_7_6.png,680,720
ball,288,463,17,16,U11_0_33.png,680,720
bat,278,429,23,96,U11_0_33.png,680,720
ball,336,506,16,14,U5_4_16.png,680,720
ball,340,194,56,69,U5_4_16.png,680,720
ball,481,432,32,22,U11_0_34.png,680,720
bat,290,394,32,70,U11_0_34.png,680,720
ball,261,470,22,19,U11_11_17.png,680,720
bat,331,194,36,57,U11_11_17.png,680,720
ball,359,285,10,12,U1_25_15.png,680,720
bat,257,140,46,43,U1_25_15.png,680,720
ball,261,311,11,13,U5_9_7.png,680,720
bat,294,175,34,59,U5_9_7.png,680,720
ball,251,235,19,22,U6_9_7.png,680,720
bat,326,184,65,33,U6_9_7.png,680,720
ball,475,217,17,11,U13_1_9.png,680,720
bat,406,50,36,93,U13_1_9.png,680,720
ball,182,482,30,27,U6_8_33.png,680,720
bat,275,132,89,55,U6_8_33.png,680,720
ball,373,374,19,14,U2_9_13.png,680,720
bat,287,73,32,79,U2_9_13.png,680,720
ball,396,387,20,17,U1_21_19.png,680,720
bat,358,104,18,29,U1_21_19.png,680,720
ball,257,75,20,23,U10_1_19.png,680,720
bat,132,102,119,103,U10_1_19.png,680,720
ball,468,341,16,13,U11_14_12.png,680,720
bat,390,122,27,49,U11_14_12.png,680,720
ball,346,379,16,14,U11_10_14.png,680,720
bat,387,310,49,55,U11_10_14.png,680,720
ball,238,293,26,20,U12_17_10.png,680,720
bat,306,182,36,36,U12_17_10.png,680,720
ball,146,331,30,24,U4_10_12.png,680,720
bat,176,280,52,108,U4_10_12.png,680,720
ball,228,382,29,29,U6_8_30.png,680,720
bat,412,161,128,110,U6_8_30.png,680,720
bat,260,244,29,34,U15_1_18.png,680,720
ball,263,211,38,33,U15_1_18.png,680,720
ball,231,348,15,11,U15_1_18.png,680,720
ball,251,287,18,20,U1_16_25.png,680,720
bat,267,207,57,53,U1_16_25.png,680,720
bat,379,318,47,37,U9_0_34.png,680,720
ball,237,267,14,20,U3_3_20.png,680,720
bat,128,143,52,44,U3_3_20.png,680,720
ball,232,274,19,10,U3_3_20.png,680,720
bat,109,143,76,49,U3_3_20.png,680,720
ball,291,492,17,17,U11_1_12.png,680,720
bat,373,76,26,113,U11_1_12.png,680,720
ball,328,417,13,10,U11_10_8.png,680,720
bat,379,251,47,31,U11_10_8.png,680,720
ball,283,483,17,14,U11_13_25.png,680,720
bat,298,396,26,47,U11_13_25.png,680,720
ball,426,492,16,14,U12_1_17.png,680,720
bat,387,120,39,96,U12_1_17.png,680,720
bat,366,98,33,95,U13_7_10.png,680,720
ball,303,485,20,22,U13_7_10.png,680,720
bat,298,277,39,44,U13_6_13.png,680,720
ball,238,179,24,40,U13_6_13.png,680,720
bat,136,327,66,83,U13_8_19.png,680,720
ball,62,387,26,16,U13_8_19.png,680,720
ball,251,417,17,11,U4_7_12.png,680,720
bat,339,204,53,43,U4_7_12.png,680,720
ball,250,416,16,11,U4_7_12.png,680,720
bat,349,209,46,32,U4_7_12.png,680,720
ball,443,480,16,19,U13_1_15.png,680,720
bat,429,77,37,112,U13_1_15.png,680,720
ball,195,480,16,14,U7_0_18.png,680,720
bat,245,268,27,30,U7_0_18.png,680,720
ball,399,307,13,11,U5_2_35.png,680,720
bat,337,133,23,34,U5_2_35.png,680,720
ball,222,260,23,17,U11_1_6.png,680,720
bat,357,65,17,86,U11_1_6.png,680,720
ball,0,224,16,22,U8_0_14.png,640,678
bat,165,109,59,55,U8_0_14.png,640,678
ball,460,436,19,19,U2_13_25.png,680,720
bat,329,371,18,86,U2_13_25.png,680,720
ball,466,436,16,17,U2_13_25.png,680,720
bat,326,364,23,92,U2_13_25.png,680,720
ball,369,329,13,13,U2_11_6.png,680,720
bat,243,161,36,18,U2_11_6.png,680,720
ball,267,270,11,16,U6_15_6.png,680,720
bat,254,99,20,30,U6_15_6.png,680,720
ball,311,344,13,13,U12_16_15.png,680,720
bat,328,191,56,27,U12_16_15.png,680,720
ball,72,364,23,26,U11_5_16.png,680,720
bat,227,323,82,82,U11_5_16.png,680,720
ball,472,366,14,14,U5_0_6.png,680,720
bat,373,235,42,46,U5_0_6.png,680,720
ball,251,333,17,14,U11_12_20.png,680,720
bat,253,153,34,69,U11_12_20.png,680,720
bat,271,324,56,132,U11_4_34.png,680,720
ball,274,452,27,19,U11_4_34.png,680,720
ball,410,297,12,13,U12_4_12.png,680,720
bat,336,160,48,22,U12_4_12.png,680,720
ball,220,453,20,23,U6_17_14.png,680,720
bat,274,153,26,36,U6_17_14.png,680,720
ball,241,265,23,19,U1_16_24.png,680,720
bat,266,212,57,30,U1_16_24.png,680,720
ball,409,145,19,22,U3_4_10.png,680,720
bat,304,98,63,46,U3_4_10.png,680,720
ball,406,145,24,23,U3_4_10.png,680,720
bat,304,96,53,44,U3_4_10.png,680,720
bat,142,320,62,92,U13_2_13.png,680,720
ball,65,384,23,22,U13_2_13.png,680,720
ball,288,231,19,26,U4_8_9.png,680,720
bat,380,241,66,29,U4_8_9.png,680,720
ball,288,241,14,14,U4_8_9.png,680,720
bat,370,241,85,36,U4_8_9.png,680,720
ball,80,92,22,19,U6_15_17.png,680,720
bat,277,108,57,70,U6_15_17.png,680,720
ball,349,410,17,20,U4_8_16.png,680,720
bat,412,162,34,50,U4_8_16.png,680,720
ball,125,383,17,19,U4_9_25.png,680,720
bat,298,110,23,85,U4_9_25.png,680,720
ball,327,295,23,14,U2_14_15.png,680,720
bat,325,225,18,84,U2_14_15.png,680,720
ball,330,290,19,23,U2_14_15.png,680,720
bat,304,221,52,76,U2_14_15.png,680,720
ball,270,231,12,12,U1_23_9.png,680,720
bat,316,195,29,20,U1_23_9.png,680,720
ball,252,296,14,13,U6_13_8.png,680,720
bat,255,210,42,31,U6_13_8.png,680,720
ball,567,427,23,24,U2_15_22.png,680,720
bat,372,321,26,79,U2_15_22.png,680,720
ball,572,432,14,16,U2_15_22.png,680,720
bat,377,320,23,79,U2_15_22.png,680,720
ball,492,447,29,27,U5_0_10.png,680,720
bat,321,248,37,43,U5_0_10.png,680,720
ball,439,469,14,14,U9_0_30.png,680,720
ball,353,320,30,32,U9_0_30.png,680,720
ball,349,328,18,11,U2_1_14.png,680,720
bat,257,242,39,18,U2_1_14.png,680,720
ball,365,332,12,14,U1_18_9.png,680,720
bat,274,145,37,28,U1_18_9.png,680,720
ball,627,337,23,22,U6_1_18.png,680,720
bat,179,201,53,92,U6_1_18.png,680,720
ball,324,439,22,14,U2_13_19.png,680,720
bat,238,254,55,53,U2_13_19.png,680,720
ball,329,436,16,17,U2_13_19.png,680,720
bat,241,255,52,47,U2_13_19.png,680,720
bat,307,351,100,79,U13_5_16.png,680,720
ball,357,340,22,36,U13_5_16.png,680,720
